uid,score
1,0.81302357
2,0.57959527
9,0.4144166
12,0.8644442
14,0.3831641
20,0.7589646
25,0.8658915
28,0.7615691
30,0.6716087
33,0.8056454
35,0.53626275
37,0.7708218
43,0.70181674
44,0.78112674
45,0.92308605
46,0.7105585
52,0.42466423
53,0.702577
55,0.3089437
56,0.75925475
57,0.8228565
59,0.70086664
60,0.7082263
66,0.60411954
74,0.44172767
75,0.55967885
83,0.69425035
84,0.58577555
87,0.69410145
88,0.81367636
95,0.34027207
100,0.7747964
101,0.4637643
105,0.17392892
111,0.7118269
114,0.7024955
116,0.77733
118,0.6275356
119,0.8757592
123,0.5240858
129,0.7706526
131,0.30525222
132,0.44795415
137,0.7285216
143,0.5314008
147,0.9194417
148,0.5053426
149,0.55188876
156,0.67241174
161,0.49694368
162,0.4857392
170,0.444345
179,0.8480958
184,0.66117066
187,0.55441695
191,0.41079918
198,0.5368785
206,0.5349694
212,0.2724818
221,0.47868708
222,0.9083059
225,0.6510332
226,0.6930932
228,0.6309047
232,0.78456306
236,0.7246612
237,0.8377038
242,0.3031939
247,0.83101124
252,0.5700462
253,0.8188009
255,0.6817002
258,0.47846603
261,0.47724566
264,0.8666014
268,0.2451089
275,0.8763759
292,0.45671389
293,0.78830886
295,0.6935231
305,0.720543
325,0.6330887
328,0.88102704
330,0.65297574
334,0.77216417
335,0.71974707
350,0.74802166
351,0.30756396
354,0.74008816
357,0.64546144
360,0.79604894
361,0.8130645
365,0.27431598
368,0.5479807
369,0.6551144
370,0.7981537
374,0.6266708
375,0.4365575
377,0.76272875
389,0.5979098
390,0.619259
399,0.72638667
401,0.8386684
402,0.51149505
403,0.8544992
404,0.46930736
405,0.6439941
415,0.7491835
416,0.33076623
417,0.540845
425,0.7521697
430,0.9238551
436,0.70650846
442,0.83281326
445,0.83017194
446,0.43083343
447,0.8020169
451,0.51333266
459,0.664598
461,0.89070904
462,0.8522848
464,0.4033038
465,0.4728261
470,0.52346444
471,0.30152482
473,0.6653774
481,0.5542996
482,0.858191
487,0.92235667
489,0.7010658
524,0.7261205
528,0.35362163
535,0.39083833
536,0.49754235
545,0.78285635
551,0.5842683
552,0.45031992
563,0.6424752
566,0.53317356
573,0.55370736
576,0.5366089
577,0.41475257
579,0.86141497
583,0.83928764
595,0.4657051
596,0.74680126
598,0.4364368
600,0.68189585
603,0.58491683
607,0.7562839
608,0.6152153
613,0.5263122
614,0.72969514
616,0.68359053
618,0.7234242
620,0.46296832
623,0.57355225
624,0.61244583
628,0.796558
630,0.5780292
637,0.7928403
645,0.5870201
652,0.5187219
653,0.6721096
665,0.6621183
667,0.5115184
668,0.73699963
669,0.55684763
678,0.67661655
680,0.71369857
684,0.79899627
687,0.67483616
695,0.7052639
699,0.84824324
702,0.58200914
704,0.8059492
705,0.32515505
707,0.72812384
711,0.779527
716,0.35661587
722,0.55600446
732,0.76518965
741,0.63884825
745,0.6189992
747,0.6041939
748,0.8243495
750,0.75913817
753,0.6092798
756,0.7777186
765,0.7930465
769,0.89390373
775,0.42112428
777,0.51741546
781,0.8629719
791,0.746693
792,0.525759
794,0.6653164
800,0.55285907
802,0.37133667
811,0.7770495
812,0.7475818
813,0.7651898
816,0.6152149
818,0.16160019
822,0.55303156
829,0.6273985
830,0.7864738
833,0.5476082
838,0.54283667
839,0.44196254
841,0.8073038
842,0.7213
843,0.63757545
849,0.5583793
855,0.8653261
856,0.64333695
860,0.73189086
871,0.8572148
874,0.42196766
876,0.75208235
879,0.76969606
881,0.26496017
890,0.6413499
898,0.6357449
901,0.6909867
904,0.5545831
913,0.697196
914,0.7011712
915,0.3423871
924,0.7963944
925,0.8188418
927,0.3292186
928,0.27724135
929,0.7106904
934,0.85621655
935,0.77684295
937,0.70956093
938,0.4850941
939,0.65568334
940,0.58642185
943,0.79328454
944,0.49194172
951,0.50379777
954,0.76261127
957,0.61887145
959,0.5462761
963,0.7873758
967,0.26249734
970,0.5625431
973,0.7730401
974,0.7158993
979,0.37715474
985,0.7304114
990,0.47082013
991,0.7633419
993,0.5615815
994,0.49305037
999,0.8258953
1002,0.8085053
1009,0.48580298
1014,0.6443352
1017,0.7155204
1019,0.6406814
1026,0.5749208
1031,0.582621
1032,0.685642
1033,0.7417936
1036,0.59201133
1037,0.61154795
1042,0.66666
1043,0.79030734
1044,0.44272742
1048,0.67614275
1052,0.8443525
1053,0.6006361
1061,0.8751402
1072,0.8387271
1077,0.23686352
1081,0.55182755
1082,0.5936326
1085,0.630694
1087,0.87799156
1095,0.8091355
1096,0.5389494
1097,0.6403758
1098,0.8941716
1099,0.81472963
1115,0.38773483
1117,0.3252114
1120,0.7845123
1122,0.69006824
1132,0.6113299
1139,0.8026292
1142,0.6252375
1149,0.7218917
1151,0.7605849
1157,0.6756658
1160,0.4895747
1162,0.80885637
1166,0.70311236
1169,0.60523534
1174,0.8685593
1178,0.74465483
1180,0.8612751
1182,0.45925567
1189,0.7330924
1190,0.77278674
1196,0.20419385
1198,0.18508302
1199,0.6793391
1204,0.876097
1205,0.28018734
1208,0.7263994
1209,0.44477305
1210,0.6484703
1212,0.762571
1214,0.4518954
1215,0.7272672
1222,0.61228937
1227,0.70540917
1228,0.59514296
1236,0.8425008
1237,0.6617183
1238,0.7535557
1243,0.7279556
1244,0.7289333
1245,0.5969077
1251,0.72491944
1253,0.51239544
1259,0.8166338
1260,0.6428302
1264,0.6646726
1266,0.6021432
1276,0.6822942
1285,0.40935192
1287,0.87156254
1292,0.71910113
1299,0.85958564
1306,0.5873329
1312,0.90800756
1314,0.86492574
1315,0.6822441
1316,0.4417324
1318,0.5561314
1326,0.570684
1330,0.49433646
1343,0.75915885
1344,0.55989695
1346,0.491131
1347,0.7204985
1350,0.48091367
1354,0.5278857
1357,0.44411564
1360,0.6431977
1362,0.5302745
1365,0.5682159
1366,0.26763755
1367,0.7052566
1372,0.80249023
1374,0.49400726
1375,0.44706273
1377,0.8786268
1378,0.722518
1381,0.857503
1382,0.37216935
1394,0.7231067
1395,0.8184653
1402,0.7905192
1408,0.6463684
1409,0.6168543
1414,0.74637866
1420,0.9137002
1425,0.8611529
1426,0.48454
1433,0.7309931
1435,0.9147591
1437,0.5357875
1450,0.41195506
1457,0.6927422
1458,0.5052822
1462,0.5841897
1463,0.5543065
1465,0.81634676
1468,0.82255566
1473,0.6001963
1482,0.7731912
1486,0.8355324
1488,0.1402396
1489,0.54516274
1496,0.68852144
1497,0.7939191
1501,0.81274045
1507,0.86701393
1516,0.79626256
1519,0.8423934
1528,0.8408764
1534,0.725988
1536,0.37491912
1540,0.57826674
1541,0.4667182
1547,0.35719383
1550,0.5440152
1561,0.7293045
1562,0.62681085
1568,0.77362865
1573,0.58962244
1574,0.46694297
1577,0.61597425
1583,0.7628938
1584,0.66390836
1589,0.78073275
1591,0.8747952
1598,0.62816066
1604,0.5111541
1608,0.6261577
1611,0.28918537
1612,0.6418908
1623,0.5504186
1624,0.79906803
1631,0.8012407
1658,0.67184204
1659,0.26515794
1668,0.82888883
1669,0.57221043
1671,0.72794884
1674,0.61511755
1680,0.21989945
1681,0.59790105
1682,0.7166844
1688,0.76907223
1690,0.70351434
1698,0.73837507
1699,0.72695124
1707,0.59905106
1710,0.36376593
1711,0.30226514
1721,0.7839302
1725,0.37298656
1731,0.7917832
1737,0.8058694
1742,0.61720127
1749,0.5579686
1750,0.60157543
1752,0.9061109
1760,0.7912076
1764,0.8139674
1770,0.9648502
1773,0.78986937
1776,0.7913466
1781,0.5982708
1785,0.69943005
1786,0.8610675
1788,0.62146926
1794,0.5656197
1795,0.7580777
1797,0.44694552
1798,0.6094721
1803,0.4230444
1804,0.4485831
1809,0.8284167
1824,0.6999636
1831,0.4420887
1833,0.73630923
1834,0.41526446
1835,0.7562763
1836,0.7920327
1838,0.3982353
1840,0.6401177
1841,0.82019603
1842,0.57870865
1845,0.8352809
1853,0.48829606
1854,0.7866862
1855,0.54446733
1858,0.8394697
1859,0.6924141
1862,0.7080465
1863,0.5813653
1866,0.5916642
1872,0.67956495
1876,0.56047857
1882,0.44949427
1885,0.72820157
1889,0.57403183
1910,0.76718515
1914,0.8843798
1923,0.778639
1926,0.55774957
1929,0.9177673
1933,0.39061972
1938,0.8568277
1944,0.80227166
1946,0.64720494
1958,0.8294233
1961,0.9207274
1963,0.7122036
1966,0.41053903
1970,0.7305777
1971,0.26744545
1972,0.6156553
1975,0.78195775
1976,0.8379869
1978,0.53802544
1980,0.65920836
1982,0.65925187
1985,0.8978869
1989,0.7627689
1993,0.8628415
1994,0.6264869
1995,0.25982058
1996,0.73545974
1997,0.58681405
1998,0.44235784
2002,0.6725411
2003,0.8198049
2011,0.7323373
2020,0.6332421
2022,0.5545534
2031,0.71314937
2032,0.7982651
2033,0.84040666
2045,0.60098386
2048,0.5833291
2052,0.54934883
2053,0.6941959
2057,0.4211165
2058,0.49227753
2063,0.5800777
2095,0.67371446
2096,0.39573696
2112,0.49562758
2119,0.7004044
2120,0.8790018
2122,0.5489522
2130,0.8639121
2134,0.5936223
2139,0.6478653
2142,0.771557
2144,0.58684254
2147,0.3800226
2148,0.8649383
2152,0.39702487
2158,0.7055514
2159,0.36742878
2162,0.5730422
2163,0.78615344
2166,0.83266157
2170,0.66799265
2171,0.6711492
2172,0.348792
2174,0.49063158
2177,0.7992238
2201,0.7000798
2203,0.25298432
2206,0.4604375
2208,0.7589469
2209,0.34314337
2218,0.7064115
2224,0.86748147
2229,0.81605756
2231,0.69865686
2232,0.85600513
2236,0.7503311
2242,0.8072321
2245,0.8179854
2252,0.6073692
2254,0.60244584
2256,0.36033648
2260,0.64293855
2262,0.7495906
2263,0.62039775
2264,0.6067028
2267,0.9044023
2268,0.7549871
2270,0.63831675
2272,0.9255923
2273,0.62770045
2274,0.29919678
2278,0.74794954
2279,0.59281445
2282,0.588663
2285,0.74503535
2288,0.58698684
2289,0.71097946
2294,0.70056784
2301,0.56601346
2303,0.7175115
2305,0.80841404
2306,0.77560467
2327,0.83813274
2333,0.6369165
2336,0.6471621
2338,0.7452598
2339,0.7015916
2340,0.69859564
2346,0.69258493
2348,0.63042635
2349,0.86323315
2352,0.77150446
2357,0.8016375
2371,0.8687922
2374,0.7249748
2376,0.72632253
2379,0.36534083
2388,0.6021638
2390,0.7150762
2396,0.8218762
2402,0.60790855
2403,0.4326171
2405,0.59440625
2412,0.49499437
2413,0.5397059
2415,0.50664866
2428,0.6366582
2431,0.56528395
2451,0.46015847
2455,0.42680717
2456,0.82543844
2470,0.59452254
2471,0.2937875
2473,0.7997561
2481,0.42569977
2485,0.71632046
2487,0.7353826
2488,0.86054647
2492,0.62065995
2505,0.702134
2514,0.77527285
2517,0.7798522
2521,0.40273565
2523,0.6879395
2525,0.6823006
2527,0.3937646
2528,0.8131716
2532,0.4730945
2533,0.6490567
2535,0.61118925
2542,0.6898514
2547,0.8036413
2549,0.48771948
2555,0.5314258
2560,0.8697767
2584,0.78681004
2586,0.52306616
2594,0.6770648
2595,0.56979364
2605,0.72018546
2606,0.65472394
2607,0.60858303
2609,0.42503095
2610,0.46749172
2611,0.6371033
2614,0.8213482
2622,0.7845961
2628,0.73806006
2629,0.6838524
2636,0.82007504
2637,0.76976824
2640,0.72924024
2645,0.77618134
2647,0.6032922
2649,0.6493258
2652,0.7064574
2655,0.54293257
2656,0.5994804
2662,0.33138
2666,0.7699617
2667,0.79791355
2680,0.61730814
2684,0.8722066
2696,0.56700593
2700,0.765666
2701,0.8703499
2706,0.6148783
2710,0.70860475
2713,0.28530452
2717,0.7055345
2720,0.81073564
2722,0.8810837
2723,0.5322889
2726,0.7927564
2732,0.8233783
2746,0.65177757
2757,0.8916564
2758,0.8058944
2762,0.5163837
2765,0.6764462
2770,0.47060165
2771,0.81444037
2784,0.8882477
2785,0.63901925
2789,0.18674992
2799,0.80675197
2800,0.6569135
2810,0.79256904
2814,0.7550005
2816,0.5250454
2820,0.46862924
2824,0.7941572
2830,0.6503521
2832,0.1832918
2833,0.7931336
2834,0.42577362
2839,0.88182515
2840,0.51105076
2842,0.8321883
2846,0.7839369
2865,0.33258444
2868,0.83305186
2876,0.80293924
2880,0.56378925
2885,0.4801612
2886,0.8177094
2893,0.76581144
2895,0.6117765
2898,0.811758
2903,0.7504695
2904,0.5403775
2917,0.7655297
2919,0.72398233
2921,0.8787898
2922,0.7333146
2931,0.37680793
2932,0.63120735
2934,0.5489794
2937,0.85133064
2940,0.8238189
2941,0.8266224
2944,0.74586034
2946,0.5011367
2949,0.8908962
2951,0.79232377
2958,0.7304235
2959,0.30186507
2961,0.7051139
2964,0.25727504
2966,0.5681736
2968,0.82371694
2975,0.8578688
2978,0.6604712
2986,0.87895155
2987,0.4229328
2989,0.70500153
2993,0.34780383
2997,0.57833076
2999,0.3047689
3016,0.6126343
3017,0.5124528
3019,0.86758006
3024,0.813028
3026,0.79670113
3042,0.8380074
3043,0.678398
3052,0.6550336
3055,0.80608165
3058,0.633387
3060,0.91958815
3070,0.47497782
3073,0.22569077
3079,0.8248922
3080,0.77070725
3081,0.38613868
3083,0.7585244
3087,0.74648607
3089,0.6903539
3090,0.5151637
3093,0.59070176
3095,0.5768381
3097,0.72779334
3101,0.77309185
3104,0.584095
3105,0.74257755
3106,0.6506163
3115,0.75451434
3124,0.8748368
3125,0.79444194
3127,0.29283142
3140,0.59203583
3145,0.65448684
3146,0.74213034
3149,0.39890707
3150,0.80873567
3152,0.3083658
3165,0.7394607
3173,0.39731318
3180,0.70528316
3183,0.6915551
3188,0.65740234
3189,0.72856355
3194,0.6496447
3209,0.55801654
3210,0.6393089
3214,0.40979803
3217,0.6598688
3219,0.7367974
3226,0.5814695
3228,0.5652972
3229,0.43231255
3238,0.6976109
3243,0.87633866
3245,0.7440011
3249,0.8347774
3250,0.32256275
3256,0.78408086
3260,0.6179045
3261,0.6351441
3267,0.63656056
3273,0.8014028
3274,0.4046338
3275,0.8739837
3285,0.75168127
3291,0.5758311
3295,0.85368437
3299,0.4099608
3300,0.4881445
3305,0.7257415
3306,0.4534118
3313,0.49681142
3314,0.6282464
3315,0.85649025
3319,0.73607725
3321,0.5797635
3324,0.53380775
3327,0.81945854
3328,0.71118605
3332,0.42114973
3335,0.539933
3336,0.57592905
3338,0.6750301
3339,0.75454026
3343,0.8569778
3345,0.668699
3347,0.7593287
3351,0.78106177
3353,0.7525089
3358,0.8644098
3362,0.44690582
3365,0.7343607
3367,0.3631453
3371,0.6683907
3372,0.6711837
3377,0.5375039
3379,0.8311619
3380,0.5717797
3382,0.89616865
3387,0.9077012
3388,0.5993644
3389,0.70737445
3394,0.7599839
3397,0.8492253
3399,0.34407035
3400,0.7743185
3406,0.44334936
3411,0.7055725
3412,0.6340891
3413,0.69604725
3416,0.7486818
3417,0.7298619
3418,0.8251202
3419,0.23454833
3423,0.78996027
3424,0.549278
3428,0.42051697
3429,0.57243973
3430,0.39713326
3433,0.5427542
3437,0.88280535
3439,0.8043972
3441,0.6577463
3447,0.615303
3448,0.43719038
3451,0.3707119
3458,0.840527
3459,0.6697229
3462,0.46950066
3466,0.84264284
3470,0.5697646
3477,0.7696761
3479,0.7548813
3481,0.72750765
3490,0.7317607
3491,0.30260327
3495,0.54619753
3504,0.22597359
3512,0.35831553
3513,0.6679551
3523,0.500272
3526,0.637639
3530,0.7258218
3535,0.51240695
3536,0.32639822
3543,0.5000673
3547,0.69900846
3549,0.72667515
3560,0.55774313
3564,0.76213086
3567,0.73944134
3574,0.95281816
3585,0.8021703
3589,0.59974694
3597,0.8113257
3600,0.590339
3605,0.9535412
3607,0.90106946
3611,0.88335496
3612,0.6772913
3613,0.51342607
3622,0.5405676
3623,0.52294415
3639,0.8017408
3642,0.66963613
3644,0.32895386
3646,0.7249304
3648,0.87332857
3651,0.61506134
3655,0.65533745
3661,0.71585935
3662,0.6289139
3663,0.60519755
3666,0.32594922
3667,0.45643616
3669,0.58531296
3677,0.7338154
3685,0.7947041
3689,0.9012579
3690,0.4051791
3697,0.712595
3700,0.6684336
3704,0.21503513
3711,0.682438
3715,0.86551076
3716,0.5196899
3723,0.6420853
3727,0.86376405
3728,0.8053601
3730,0.8195362
3734,0.82668847
3738,0.6712097
3741,0.77576375
3742,0.6626319
3744,0.55478776
3749,0.76171035
3750,0.5301819
3751,0.49268797
3752,0.6405638
3753,0.8553891
3754,0.7667683
3755,0.82896405
3757,0.6412349
3769,0.8710321
3772,0.5170086
3777,0.79346305
3780,0.5109201
3785,0.78243256
3787,0.5214383
3789,0.48414868
3791,0.5530535
3793,0.6200247
3795,0.7708612
3803,0.9266158
3804,0.6919935
3806,0.8072261
3807,0.7792308
3826,0.5351531
3829,0.6285796
3832,0.6090693
3837,0.85071766
3850,0.8741865
3852,0.2608873
3857,0.7827516
3858,0.51950717
3876,0.52634335
3882,0.7572584
3886,0.67643166
3888,0.83490837
3891,0.8081445
3893,0.62265104
3906,0.83579946
3910,0.47718278
3913,0.63728577
3919,0.68710756
3922,0.7576338
3938,0.8139825
3939,0.90791684
3943,0.7143342
3944,0.70133907
3945,0.6485457
3952,0.6521982
3956,0.1553384
3961,0.85789376
3965,0.8060138
3983,0.6116598
3988,0.73002666
3990,0.53533536
3998,0.60661966
4003,0.6658384
4004,0.64594436
4012,0.79036176
4024,0.87559766
4025,0.7244488
4026,0.49365434
4032,0.8338345
4034,0.4951892
4040,0.7079213
4042,0.7010079
4044,0.77610713
4048,0.66266483
4053,0.34832823
4055,0.5802376
4059,0.5873421
4063,0.5453057
4066,0.75391614
4067,0.8086365
4068,0.20731507
4071,0.73820937
4074,0.29322222
4075,0.810042
4081,0.5868242
4083,0.6639291
4086,0.6982841
4089,0.6977679
4095,0.6316365
4100,0.6153411
4105,0.76845926
4108,0.81551766
4110,0.49691695
4112,0.6674582
4113,0.74162346
4118,0.6178075
4119,0.8655277
4120,0.898174
4123,0.7429968
4126,0.8352854
4132,0.563107
4134,0.79199743
4136,0.5205196
4137,0.48433977
4141,0.38854113
4144,0.84292233
4145,0.75950944
4147,0.6604008
4154,0.7304003
4160,0.63167286
4166,0.55593514
4169,0.6285705
4171,0.287965
4172,0.71266615
4174,0.7906922
4175,0.36014375
4178,0.7779745
4179,0.62780625
4182,0.79593265
4183,0.20443955
4187,0.793071
4188,0.65861225
4189,0.42288184
4192,0.49028948
4195,0.8102997
4197,0.79291224
4198,0.37629992
4201,0.70021975
4206,0.5797106
4208,0.9221484
4212,0.7824629
4219,0.7341008
4228,0.6239281
4232,0.5833723
4236,0.7076727
4238,0.73329747
4244,0.7933968
4248,0.54416966
4251,0.56936264
4252,0.81110513
4254,0.42198655
4263,0.6995771
4266,0.5304049
4267,0.8204355
4270,0.5849318
4275,0.57150084
4278,0.20531797
4281,0.38910884
4284,0.8271005
4285,0.71274376
4288,0.69862854
4289,0.5571712
4298,0.72080225
4310,0.66353893
4313,0.52052027
4314,0.26286086
4315,0.37409323
4325,0.6603458
4327,0.7536951
4331,0.57909346
4338,0.70526433
4342,0.6742396
4348,0.6954768
4350,0.8766929
4351,0.6617881
4352,0.84352875
4354,0.6943565
4360,0.5218997
4363,0.61562145
4366,0.7044603
4368,0.6063292
4375,0.74696004
4377,0.8813652
4380,0.75162596
4389,0.47717866
4393,0.5439982
4398,0.3018026
4399,0.8010666
4406,0.5199188
4410,0.7229415
4413,0.7629145
4420,0.7439246
4432,0.5268041
4439,0.7939343
4441,0.46640214
4445,0.80281806
4446,0.6833014
4448,0.55992746
4449,0.51694137
4457,0.75652194
4459,0.74655616
4462,0.7701537
4466,0.82530224
4470,0.49041846
4471,0.655369
4472,0.82018906
4474,0.53269386
4479,0.66226286
4486,0.45345655
4487,0.85445535
4491,0.35883856
4494,0.7229846
4497,0.7870283
4502,0.7412273
4506,0.18928221
4507,0.63715297
4512,0.7597419
4514,0.8975517
4515,0.72094756
4516,0.62795836
4519,0.49811882
4525,0.4518141
4526,0.49426633
4527,0.45540196
4529,0.28791726
4531,0.8642742
4532,0.5672937
4538,0.5498995
4544,0.7407697
4551,0.41605672
4556,0.7121294
4558,0.474499
4559,0.58542323
4561,0.745675
4563,0.664385
4569,0.7929007
4571,0.7335708
4572,0.69586706
4584,0.51359606
4585,0.81245023
4591,0.6982828
4592,0.55661994
4595,0.9284755
4603,0.83702964
4608,0.52137274
4609,0.6568599
4610,0.20004942
4614,0.7660524
4621,0.6043268
4623,0.8267153
4625,0.6096578
4630,0.7629187
4631,0.4083308
4632,0.697092
4634,0.8510156
4638,0.45128012
4642,0.56625944
4643,0.55804974
4645,0.8745487
4650,0.44772014
4655,0.64645904
4658,0.5646969
4663,0.3890843
4665,0.6131849
4669,0.44911632
4670,0.36631012
4674,0.64726406
4689,0.640929
4690,0.83225775
4693,0.7977654
4696,0.7006067
4706,0.6963292
4722,0.41990992
4724,0.79738575
4725,0.79369986
4727,0.90167063
4730,0.7903991
4736,0.68949765
4744,0.83862734
4747,0.35594118
4756,0.90070647
4758,0.35287163
4764,0.9155687
4766,0.89308214
4771,0.6540518
4783,0.48981026
4784,0.8551058
4786,0.75292885
4788,0.51589936
4814,0.5244651
4815,0.6830747
4819,0.55414826
4820,0.48439547
4821,0.78643465
4822,0.36987934
4823,0.36302748
4824,0.652857
4828,0.85930854
4840,0.6775116
4842,0.45411724
4854,0.6121195
4860,0.768049
4861,0.736667
4872,0.72573113
4874,0.38181546
4884,0.59249777
4885,0.78683686
4888,0.570389
4893,0.5556287
4896,0.7003658
4900,0.74038786
4914,0.5813471
4919,0.8106378
4921,0.49645594
4925,0.7637264
4926,0.7693651
4927,0.33864588
4928,0.41120103
4930,0.88076526
4933,0.9001585
4937,0.58025247
4941,0.6881646
4944,0.68902296
4946,0.91110235
4948,0.6169391
4961,0.5477401
4962,0.75392723
4965,0.7802226
4971,0.5087287
4975,0.4698107
4976,0.46561503
4980,0.8241007
4981,0.345576
4983,0.45771295
4990,0.27425128
4993,0.6580594
5006,0.84529877
5012,0.7403808
5019,0.8083741
5023,0.7417179
5027,0.6061287
5042,0.69533527
5043,0.5094466
5049,0.8124138
5051,0.7233608
5055,0.74603605
5060,0.8047377
5065,0.8163794
5066,0.85198087
5072,0.6088474
5079,0.7091662
5084,0.662895
5086,0.52499545
5089,0.74223566
5092,0.45445773
5102,0.4591223
5107,0.67246044
5109,0.4819653
5115,0.85269326
5120,0.85749817
5128,0.5635055
5135,0.49763376
5137,0.24683388
5138,0.891307
5140,0.52976334
5147,0.8268749
5154,0.4070694
5159,0.5181258
5160,0.537154
5161,0.81264615
5168,0.77238494
5170,0.2780977
5175,0.6832374
5177,0.8823741
5179,0.7490327
5180,0.5681096
5194,0.7891605
5209,0.7974081
5211,0.7944361
5217,0.7552389
5223,0.8265465
5226,0.763884
5232,0.84999216
5234,0.5688543
5237,0.5470376
5238,0.36865625
5239,0.5224288
5240,0.72273207
5243,0.6654389
5250,0.7110622
5255,0.73773056
5256,0.8074526
5260,0.6248159
5261,0.64644104
5267,0.5892918
5268,0.5576523
5272,0.41852993
5276,0.75994736
5282,0.5242728
5285,0.3017159
5290,0.7533297
5300,0.5941066
5302,0.6707228
5308,0.80185497
5309,0.7887596
5311,0.7476578
5312,0.5245559
5319,0.7003599
5322,0.6069875
5324,0.264844
5327,0.6435575
5329,0.8851418
5331,0.68833435
5334,0.73256564
5336,0.5627963
5337,0.84663683
5338,0.54320854
5346,0.45189127
5350,0.4719888
5365,0.845961
5368,0.6749344
5373,0.547488
5375,0.6951652
5379,0.44525605
5383,0.66358835
5389,0.6628985
5390,0.6522911
5392,0.7671693
5393,0.64202327
5394,0.79131913
5395,0.4934108
5396,0.8192424
5397,0.7939691
5401,0.6420778
5403,0.2442706
5408,0.55645376
5410,0.3008083
5421,0.51510334
5422,0.46381643
5423,0.6631496
5429,0.5830259
5430,0.7410311
5441,0.81607014
5445,0.5972516
5449,0.39816594
5453,0.5800432
5456,0.65161574
5458,0.6894747
5460,0.8207707
5462,0.70399255
5468,0.7178089
5477,0.8203536
5481,0.9234672
5489,0.57122463
5490,0.5081718
5493,0.5427126
5494,0.75377077
5496,0.8513602
5499,0.21608286
5504,0.60152304
5512,0.7452568
5517,0.70165783
5521,0.7867213
5524,0.8340063
5525,0.69070727
5528,0.71028715
5530,0.74775267
5542,0.67698073
5543,0.41451114
5547,0.45527363
5549,0.79795265
5556,0.37770298
5557,0.769736
5558,0.4956644
5559,0.805071
5560,0.558743
5562,0.55777895
5564,0.75508255
5569,0.4993665
5571,0.7132395
5575,0.5491439
5581,0.447264
5599,0.49319977
5604,0.2967309
5615,0.9533445
5620,0.9032878
5625,0.8814448
5626,0.84637374
5635,0.5234389
5644,0.3575925
5646,0.7255761
5649,0.61260235
5656,0.43681088
5661,0.73507977
5662,0.76829314
5664,0.87767017
5681,0.68237585
5686,0.6707134
5688,0.7972965
5691,0.6464173
5695,0.31898692
5698,0.54696
5705,0.7656109
5710,0.71509314
5718,0.759366
5722,0.78918576
5725,0.60564244
5726,0.7929698
5733,0.2476398
5735,0.72979903
5736,0.8081649
5737,0.6102017
5741,0.6517858
5747,0.73666996
5750,0.8767226
5751,0.43406057
5754,0.74148774
5762,0.46019956
5764,0.32803494
5772,0.5504519
5783,0.59975183
5785,0.6370445
5788,0.74375916
5792,0.81921935
5794,0.46605885
5796,0.84680945
5797,0.76544714
5798,0.6979211
5805,0.8952166
5806,0.5659101
5807,0.7308508
5809,0.5725612
5810,0.78423756
5811,0.37568516
5818,0.7118213
5822,0.5979312
5827,0.7210692
5828,0.70644665
5833,0.81300235
5834,0.6630633
5835,0.6157298
5837,0.527737
5840,0.32642144
5842,0.7254883
5845,0.8636458
5847,0.76730937
5848,0.8012988
5853,0.7928217
5854,0.75510037
5859,0.6342377
5863,0.8316064
5867,0.691412
5868,0.6569267
5869,0.80273193
5881,0.43830508
5882,0.7051847
5884,0.77130497
5885,0.5329812
5887,0.91555184
5890,0.89334416
5893,0.78103805
5894,0.5542748
5896,0.5715751
5900,0.6765716
5903,0.57048845
5905,0.6446282
5908,0.78877026
5912,0.8203569
5917,0.7970116
5922,0.2672339
5927,0.6367545
5931,0.54060245
5943,0.8047616
5945,0.58568615
5949,0.8670078
5953,0.5761113
5954,0.67503214
5959,0.2574683
5983,0.5254718
5984,0.6127731
5987,0.68165445
5988,0.50971866
5989,0.5596862
5992,0.6263061
5994,0.33947018
5997,0.68273354
5999,0.66675556
6000,0.7317688
6002,0.88024074
6003,0.676417
6021,0.8027739
6022,0.41006297
6033,0.79543835
6039,0.75999933
6046,0.7315342
6048,0.5678602
6054,0.7057001
6058,0.51624024
6062,0.6779385
6069,0.26478228
6070,0.7144224
6076,0.72308415
6081,0.7892001
6082,0.86090946
6086,0.8182335
6091,0.6648271
6092,0.82112956
6093,0.6083958
6095,0.71854013
6096,0.52485067
6104,0.6938841
6114,0.48529097
6117,0.6830206
6119,0.70982325
6121,0.40347362
6126,0.56679314
6132,0.5429495
6133,0.6159989
6140,0.302011
6143,0.48161575
6144,0.76117706
6145,0.7483457
6146,0.5819104
6149,0.66315275
6152,0.68083984
6158,0.7876984
6162,0.870208
6171,0.71089935
6176,0.86075455
6178,0.6334555
6182,0.82409894
6190,0.54584855
6191,0.8500156
6195,0.7277637
6196,0.31859657
6207,0.7943979
6211,0.6835887
6212,0.47990072
6216,0.78542644
6218,0.6462056
6219,0.7748295
6221,0.8803088
6224,0.83658427
6226,0.7639038
6227,0.576459
6232,0.57694125
6237,0.90101916
6240,0.74773574
6241,0.6314839
6245,0.43187755
6246,0.62427527
6252,0.44021285
6257,0.69939923
6268,0.87093055
6271,0.6160465
6274,0.74866813
6278,0.23033687
6279,0.68913454
6284,0.82742447
6285,0.7804314
6286,0.471207
6289,0.60776603
6300,0.6798762
6302,0.76647925
6311,0.87104285
6312,0.8058796
6319,0.6254895
6320,0.86667645
6323,0.85021675
6325,0.78782916
6326,0.36609235
6327,0.83772177
6331,0.6885703
6341,0.73647076
6342,0.7610798
6347,0.5926198
6351,0.363182
6355,0.616004
6356,0.8721619
6361,0.73199546
6363,0.69870365
6367,0.6627283
6368,0.7116024
6371,0.55688137
6373,0.4886506
6374,0.93695986
6375,0.7234557
6376,0.7871977
6378,0.7414385
6379,0.57247466
6385,0.80529946
6392,0.50732094
6395,0.68953454
6405,0.73958313
6408,0.74980104
6414,0.64737093
6424,0.6227738
6425,0.27685168
6439,0.4323294
6443,0.7661816
6445,0.40709478
6450,0.79831016
6451,0.40221596
6453,0.6334738
6457,0.78398126
6459,0.8060317
6460,0.34313753
6463,0.85348135
6465,0.82176876
6466,0.65826863
6467,0.64785475
6476,0.547374
6482,0.82954437
6488,0.61271584
6489,0.742037
6496,0.23187304
6512,0.6890406
6513,0.69878423
6514,0.7649297
6517,0.69988
6520,0.89024097
6527,0.78797615
6528,0.7621604
6535,0.75298715
6536,0.67868304
6552,0.48011088
6553,0.8227335
6554,0.50602955
6557,0.8341044
6560,0.6010018
6561,0.71107984
6567,0.8992777
6568,0.6287173
6573,0.74361604
6574,0.7528309
6578,0.65058583
6585,0.65615773
6586,0.4765675
6588,0.4850164
6593,0.5639435
6596,0.40385726
6615,0.78275096
6623,0.6798034
6627,0.7444995
6629,0.6692252
6630,0.5019439
6635,0.65540713
6637,0.8527194
6641,0.7601933
6642,0.6023247
6643,0.68247217
6644,0.7469462
6646,0.7041899
6647,0.8560618
6656,0.85526067
6657,0.49427447
6658,0.91532207
6663,0.6574563
6664,0.7249273
6665,0.62337416
6668,0.8714242
6677,0.77672684
6682,0.59814984
6686,0.34549773
6688,0.395074
6695,0.6753941
6704,0.7202821
6705,0.70462584
6716,0.62700677
6722,0.3339913
6723,0.4726405
6726,0.79708815
6730,0.6546142
6731,0.6950069
6733,0.53651065
6739,0.8588312
6742,0.54338396
6748,0.896965
6750,0.6553396
6751,0.48127732
6752,0.76514393
6754,0.7205636
6758,0.7170142
6759,0.7880509
6765,0.7389216
6769,0.33874068
6773,0.6606751
6774,0.56139296
6775,0.7332539
6778,0.49779
6786,0.4901525
6788,0.917655
6790,0.4040847
6792,0.6490758
6794,0.7846212
6798,0.61775076
6803,0.6584067
6805,0.288623
6807,0.33977643
6810,0.80123746
6811,0.46097708
6813,0.79008496
6814,0.69922465
6816,0.70505834
6818,0.74215317
6821,0.8165895
6832,0.536441
6839,0.7775527
6841,0.73040843
6843,0.8225081
6845,0.3327266
6847,0.624601
6848,0.6713009
6850,0.7043491
6851,0.8606016
6852,0.35703954
6853,0.45305717
6855,0.75444865
6858,0.69097453
6866,0.6461132
6867,0.82664937
6870,0.799719
6871,0.65701866
6881,0.57928705
6895,0.49599126
6906,0.47846717
6917,0.46642414
6923,0.33258954
6925,0.85739666
6930,0.6169222
6933,0.6085693
6936,0.67838144
6938,0.73202735
6939,0.463883
6940,0.62657875
6942,0.5792899
6948,0.7645014
6959,0.6134808
6961,0.38362846
6962,0.40030393
6969,0.78744
6971,0.6672272
6973,0.17218134
6976,0.6910737
6981,0.42115414
6991,0.50380826
6994,0.8824146
6998,0.6925712
7001,0.69612724
7005,0.70660794
7007,0.5231728
7016,0.48645607
7017,0.5407902
7020,0.47689936
7031,0.8882799
7033,0.7605256
7036,0.73357767
7040,0.6631843
7042,0.67751354
7049,0.9358368
7051,0.7358101
7071,0.8024857
7080,0.1923555
7086,0.6156899
7088,0.8379404
7095,0.43436447
7101,0.6700138
7102,0.5559208
7106,0.80687225
7110,0.6310742
7114,0.80982566
7116,0.56247693
7117,0.63869184
7119,0.63677055
7126,0.71468633
7128,0.7667864
7132,0.69692814
7143,0.84548086
7147,0.88110244
7149,0.79991794
7152,0.8770867
7156,0.3619274
7158,0.78974354
7161,0.8958132
7164,0.6797582
7171,0.8058105
7173,0.70448196
7176,0.78501636
7179,0.561251
7181,0.52432287
7183,0.8745399
7190,0.7837443
7193,0.6950046
7195,0.8628756
7198,0.8776244
7203,0.8495314
7204,0.8655766
7210,0.85478806
7211,0.75295454
7215,0.27791628
7224,0.7447018
7225,0.5793367
7226,0.8911519
7227,0.65462035
7230,0.751986
7233,0.9068824
7242,0.45848674
7245,0.74306196
7247,0.6950271
7248,0.6621325
7249,0.639484
7250,0.84973866
7261,0.8088827
7262,0.66638064
7265,0.78701067
7266,0.71382457
7273,0.7811953
7274,0.40725613
7279,0.8476239
7283,0.5157333
7285,0.8194277
7286,0.5909432
7291,0.77037
7294,0.75406647
7298,0.5181027
7301,0.49322632
7302,0.43225607
7303,0.5233233
7305,0.8079171
7307,0.7264315
7309,0.6333961
7313,0.77128685
7318,0.7287021
7319,0.7548897
7322,0.4058231
7325,0.79300714
7333,0.4698184
7344,0.7271146
7354,0.56638116
7358,0.43579996
7368,0.6667487
7370,0.5878918
7372,0.5485231
7379,0.6980257
7380,0.72258323
7382,0.7001592
7390,0.7981527
7395,0.53835887
7398,0.54099834
7400,0.7884124
7403,0.24898331
7408,0.73502463
7411,0.8125602
7412,0.8835118
7419,0.6537774
7421,0.5158368
7427,0.70843756
7430,0.8424775
7431,0.39873093
7433,0.68252337
7435,0.8106055
7446,0.49275923
7448,0.8571098
7460,0.8176768
7462,0.809815
7469,0.58805025
7473,0.92503685
7476,0.8092247
7485,0.75255793
7488,0.82538605
7500,0.8042028
7502,0.6469431
7503,0.83452237
7504,0.812307
7506,0.48243877
7507,0.75545347
7508,0.57381815
7514,0.62391585
7521,0.7368069
7526,0.5461418
7529,0.7142614
7535,0.53014225
7546,0.7655004
7549,0.78124464
7557,0.722989
7566,0.8224822
7571,0.55771834
7573,0.8132768
7586,0.7833041
7589,0.7483109
7594,0.5097812
7598,0.5075374
7610,0.5670589
7611,0.8456502
7619,0.8479249
7621,0.36044618
7622,0.6299962
7629,0.6032873
7635,0.68673897
7636,0.6675791
7639,0.6374177
7641,0.46349105
7647,0.70348275
7654,0.77132684
7659,0.48929372
7663,0.7141152
7667,0.375096
7670,0.546813
7672,0.9312315
7674,0.7115753
7692,0.8939149
7693,0.82216287
7695,0.87454844
7696,0.48651204
7698,0.89873827
7700,0.3854654
7701,0.8281066
7712,0.41648352
7714,0.8532837
7719,0.80771905
7720,0.69360304
7723,0.6081486
7725,0.2432396
7729,0.73345315
7730,0.853251
7732,0.5050488
7742,0.47438383
7747,0.5342554
7748,0.5169679
7749,0.7221082
7751,0.5852654
7753,0.7761133
7755,0.7051095
7764,0.5297198
7771,0.50828844
7774,0.7632622
7777,0.46820667
7779,0.8649692
7782,0.5486215
7790,0.5766311
7791,0.47453502
7798,0.81473136
7799,0.4296968
7805,0.54511017
7806,0.83547795
7807,0.6290449
7811,0.37668335
7820,0.47887814
7829,0.3522894
7834,0.8077268
7844,0.42871454
7848,0.80359185
7851,0.3680632
7853,0.7532787
7855,0.7170024
7857,0.5404821
7863,0.6268995
7864,0.74107534
7870,0.6150647
7871,0.7937435
7879,0.60825413
7881,0.84055847
7883,0.7378996
7890,0.66071385
7892,0.6541802
7893,0.51348615
7895,0.34832668
7896,0.6916392
7903,0.7843017
7905,0.83932066
7908,0.679642
7910,0.6990601
7915,0.40056142
7918,0.445219
7924,0.6014317
7939,0.5193437
7947,0.6228906
7948,0.69462407
7953,0.64160097
7956,0.62153095
7959,0.6907661
7966,0.4315641
7969,0.73973453
7970,0.69169813
7971,0.26781178
7974,0.6549687
7975,0.51551175
7989,0.3387381
7997,0.76857615
7999,0.7002948
8002,0.8186706
8005,0.7242491
8009,0.7495234
8011,0.77621204
8014,0.29927677
8016,0.6630649
8028,0.7418342
8030,0.8356302
8033,0.68746096
8036,0.9587501
8040,0.64523643
8043,0.8003545
8045,0.7444784
8050,0.7258012
8052,0.74410313
8053,0.6543798
8057,0.24607329
8059,0.19505852
8068,0.657432
8070,0.57524514
8074,0.3534492
8075,0.6653084
8085,0.6047295
8086,0.6842975
8088,0.8098094
8092,0.61845815
8094,0.7585281
8095,0.48836708
8096,0.6360778
8098,0.743679
8103,0.73142576
8104,0.7222737
8112,0.5795459
8113,0.478425
8118,0.76947534
8119,0.7084038
8123,0.8152789
8124,0.57558197
8134,0.42729956
8136,0.67663443
8137,0.71432424
8138,0.6019822
8139,0.7467707
8144,0.8679311
8151,0.76438606
8156,0.7683742
8158,0.6120231
8162,0.59616625
8168,0.56641454
8170,0.8151675
8173,0.76219344
8178,0.8798707
8188,0.7530984
8194,0.53883713
8196,0.82028013
8207,0.58549243
8209,0.40622416
8210,0.8035934
8213,0.7161418
8217,0.5124159
8222,0.4362964
8224,0.8145973
8225,0.81507504
8228,0.6729983
8230,0.4624401
8236,0.44691443
8238,0.5260729
8241,0.728754
8244,0.87207943
8245,0.79860604
8248,0.34337616
8249,0.5746797
8264,0.450422
8265,0.5174618
8266,0.49897215
8268,0.7213685
8269,0.7098543
8276,0.48315924
8283,0.65903705
8285,0.6135054
8288,0.5850472
8294,0.5365481
8300,0.7426495
8304,0.8149022
8305,0.7622753
8308,0.5648067
8310,0.83594483
8313,0.382175
8315,0.7739002
8320,0.8879491
8328,0.6594942
8331,0.6608086
8332,0.5514268
8339,0.4226098
8341,0.54028714
8352,0.38874382
8354,0.5352535
8362,0.7740849
8363,0.6494454
8364,0.7202677
8365,0.7221441
8369,0.8060064
8371,0.9178511
8373,0.5827654
8374,0.3815078
8375,0.77399594
8376,0.6405394
8377,0.6875223
8378,0.8516658
8379,0.80455935
8380,0.5932078
8385,0.6161582
8387,0.41583055
8389,0.7647002
8390,0.52716136
8395,0.79129004
8396,0.42834738
8397,0.45400977
8402,0.3989504
8405,0.4381121
8408,0.6981699
8412,0.7011388
8414,0.87740475
8417,0.64604545
8421,0.7741806
8424,0.5936009
8427,0.7436808
8429,0.6097223
8434,0.78317356
8437,0.66813815
8448,0.58358586
8459,0.8633883
8464,0.9300377
8472,0.72746485
8484,0.8601989
8486,0.35251728
8487,0.7926184
8488,0.83128166
8489,0.8188488
8492,0.7559489
8494,0.85267603
8495,0.7111193
8507,0.24307351
8510,0.81301403
8511,0.7531132
8515,0.7628523
8519,0.54800093
8523,0.7262897
8529,0.6042739
8531,0.77589977
8532,0.69948065
8536,0.56046766
8540,0.68842703
8552,0.59994626
8557,0.82156426
8561,0.78253424
8566,0.7869104
8568,0.8149931
8569,0.8184458
8573,0.43221995
8575,0.21327212
8579,0.3689614
8581,0.8851683
8582,0.40131444
8586,0.45038554
8592,0.83352184
8597,0.6796657
8599,0.83449876
8603,0.4737697
8609,0.53123283
8612,0.78656906
8613,0.7044206
8616,0.69875944
8618,0.720864
8625,0.84472984
8626,0.84981567
8630,0.7832467
8633,0.26884562
8634,0.5501306
8635,0.3466258
8647,0.6428442
8649,0.53517157
8650,0.7785857
8652,0.6455896
8659,0.7633967
8660,0.8496957
8685,0.5171343
8688,0.5933029
8689,0.4309534
8691,0.31396732
8697,0.7160875
8700,0.48517635
8706,0.5675061
8709,0.622958
8724,0.69898075
8725,0.8211893
8734,0.68079793
8739,0.6371066
8742,0.40957657
8745,0.95252407
8751,0.65243745
8753,0.84006065
8760,0.912391
8762,0.4474122
8768,0.7274641
8777,0.6621779
8785,0.83967394
8787,0.4871458
8797,0.8036544
8801,0.7253292
8805,0.87348884
8809,0.33287498
8813,0.8002374
8828,0.84374565
8835,0.85716385
8836,0.6378329
8838,0.8188873
8840,0.8083045
8847,0.74602395
8850,0.8582359
8853,0.32368523
8854,0.46506396
8856,0.54037946
8862,0.82188606
8876,0.24623072
8877,0.81506807
8879,0.66871506
8880,0.729585
8887,0.72905076
8888,0.6022658
8890,0.7383848
8899,0.88856566
8902,0.6098032
8903,0.56552315
8908,0.63697696
8909,0.7349235
8910,0.67854905
8914,0.8209356
8919,0.7075874
8922,0.71535504
8923,0.4819593
8925,0.44947106
8926,0.9176896
8927,0.8757532
8928,0.8434819
8930,0.33502665
8933,0.31269962
8938,0.8347984
8943,0.66446
8948,0.6297613
8952,0.63485086
8954,0.7971108
8955,0.4010472
8968,0.58908373
8974,0.8000088
8976,0.89437157
8977,0.21051198
8987,0.81816316
8992,0.69405603
8996,0.74648577
8997,0.7969489
8998,0.6803161
9007,0.65902823
9008,0.41413903
9011,0.65682
9012,0.77720183
9013,0.75663227
9016,0.6652576
9021,0.9143784
9023,0.7671533
9033,0.7560264
9034,0.38835835
9035,0.8714406
9047,0.8081056
9048,0.23132288
9063,0.65226173
9066,0.5278519
9068,0.779599
9077,0.7347794
9085,0.71279335
9088,0.48398834
9097,0.82050073
9109,0.31020018
9114,0.66488683
9115,0.8337205
9116,0.52401865
9117,0.72165465
9120,0.62292415
9133,0.79821086
9138,0.45314786
9147,0.6531549
9148,0.7667864
9151,0.74496555
9153,0.7776252
9158,0.6005637
9160,0.5511781
9172,0.82956225
9176,0.64559704
9177,0.8105568
9184,0.90580904
9185,0.69911397
9189,0.6234757
9193,0.3413335
9194,0.6376337
9195,0.21558262
9200,0.6653687
9202,0.44552073
9207,0.52563477
9210,0.4476519
9212,0.70657814
9214,0.6860909
9217,0.67206687
9222,0.8093753
9223,0.6474672
9224,0.7870114
9225,0.23938212
9230,0.8353183
9231,0.4620054
9233,0.78052235
9237,0.61385685
9239,0.7724217
9242,0.52714735
9248,0.42300352
9254,0.6295594
9257,0.90553516
9265,0.5848876
9273,0.838878
9283,0.66431636
9285,0.8261384
9295,0.6837287
9298,0.8995906
9304,0.80828214
9308,0.78185123
9310,0.2913864
9320,0.598995
9321,0.74085474
9328,0.753737
9334,0.7989776
9339,0.79604566
9341,0.71955585
9342,0.5828578
9343,0.85259414
9346,0.6326551
9348,0.73565334
9352,0.7607464
9365,0.7038832
9371,0.42556378
9372,0.84233576
9377,0.77431357
9387,0.5568375
9388,0.81227833
9392,0.56118506
9395,0.81264
9399,0.36038578
9400,0.8152597
9403,0.4577956
9410,0.82376325
9413,0.81434804
9420,0.839058
9421,0.3908121
9430,0.84982765
9432,0.6541739
9435,0.82959265
9436,0.68905306
9438,0.9221082
9439,0.5248486
9443,0.7416347
9450,0.39281768
9465,0.7419449
9482,0.80457425
9485,0.66118443
9489,0.7262521
9493,0.6675861
9495,0.8306066
9499,0.77773625
9500,0.92570937
9506,0.5501509
9513,0.7166783
9516,0.5443244
9526,0.46596885
9530,0.44923452
9532,0.8448552
9536,0.6271216
9539,0.6507914
9540,0.5278436
9545,0.504446
9548,0.5521579
9549,0.54355884
9552,0.76735157
9554,0.6347188
9556,0.6006965
9557,0.7085554
9562,0.76058316
9563,0.9036565
9564,0.3877588
9567,0.5992038
9572,0.81742567
9579,0.7055536
9584,0.52480817
9586,0.78606695
9588,0.2292641
9604,0.6111468
9611,0.61734056
9617,0.47623158
9618,0.7035078
9620,0.25693557
9625,0.76356065
9627,0.74443924
9634,0.77516496
9635,0.8705768
9642,0.82261205
9648,0.45029667
9656,0.6209154
9660,0.69002503
9666,0.7582067
9668,0.66355884
9674,0.81810045
9680,0.81659263
9685,0.5659955
9689,0.83324695
9692,0.6829675
9698,0.4626608
9702,0.3204075
9703,0.4245427
9708,0.77770936
9713,0.7710794
9714,0.51066196
9717,0.6933127
9725,0.5474412
9726,0.66247314
9728,0.8329775
9729,0.61933047
9730,0.67101294
9732,0.78522366
9734,0.56366867
9736,0.7609092
9737,0.5966098
9740,0.66313267
9742,0.5768765
9747,0.79672945
9749,0.63221455
9751,0.38462043
9752,0.48953128
9754,0.4425139
9755,0.77827626
9767,0.8377531
9770,0.8310022
9772,0.2760294
9775,0.53190064
9778,0.86896837
9799,0.70517266
9805,0.6058158
9807,0.87860984
9810,0.61048377
9811,0.48958927
9816,0.79302096
9818,0.27536494
9819,0.6369448
9827,0.6544207
9828,0.79038364
9836,0.52483654
9837,0.77175903
9838,0.30224192
9846,0.8071399
9848,0.90420204
9849,0.8139004
9860,0.8549109
9861,0.7408085
9866,0.38457364
9870,0.7683784
9875,0.37235987
9877,0.6660126
9880,0.5687475
9890,0.8283224
9899,0.5154741
9905,0.7360123
9914,0.5869027
9915,0.71991915
9916,0.4726217
9917,0.4057858
9920,0.66459686
9926,0.76317674
9931,0.6052557
9933,0.7489858
9942,0.8682808
9947,0.79668057
9952,0.7273591
9954,0.70226645
9962,0.51305
9969,0.78481454
9970,0.88074285
9971,0.8049105
9973,0.27821577
9974,0.8622705
9976,0.7455776
9977,0.7972438
9983,0.54850197
10006,0.8638998
10009,0.69520825
10011,0.8302813
10018,0.37390906
10024,0.6092803
10035,0.7964077
10040,0.45619398
10044,0.657219
10049,0.7889838
10051,0.91532934
10052,0.7887644
10055,0.38279608
10058,0.3936075
10062,0.3861234
10069,0.8182866
10072,0.7287576
10076,0.8120889
10082,0.29567412
10083,0.62263334
10084,0.7981918
10085,0.6167071
10086,0.81640905
10087,0.6926322
10089,0.72819525
10092,0.6800266
10096,0.9080165
10098,0.789581
10103,0.75566036
10105,0.39202818
10106,0.8770005
10107,0.7932252
10108,0.7410335
10113,0.40136182
10116,0.5461594
10121,0.8634363
10122,0.8209811
10127,0.74193853
10133,0.67864525
10134,0.7847144
10137,0.77418
10140,0.5774947
10142,0.6368801
10148,0.4946335
10151,0.7361741
10153,0.18927741
10155,0.6751379
10156,0.4117705
10159,0.7107788
10173,0.8139115
10178,0.6140378
10180,0.7409029
10183,0.7270676
10189,0.70498216
10197,0.8335618
10200,0.42253017
10203,0.65678185
10214,0.39906612
10216,0.34731656
10220,0.6900323
10224,0.66497034
10225,0.2683709
10226,0.38001528
10228,0.8836558
10229,0.67656887
10234,0.61234444
10237,0.3010949
10243,0.5849053
10245,0.7252447
10246,0.60713804
10249,0.69519365
10253,0.35406145
10260,0.45537412
10261,0.63429064
10265,0.73768175
10267,0.837132
10270,0.89876753
10272,0.65106136
10273,0.5420901
10275,0.53074735
10280,0.5522436
10285,0.84728384
10293,0.32536307
10294,0.60402846
10295,0.84629774
10299,0.7420824
10302,0.87875015
10303,0.71099055
10308,0.6972665
10311,0.6428308
10312,0.6878126
10320,0.59402186
10325,0.50152326
10328,0.40439242
10332,0.7722759
10337,0.50522655
10346,0.78531003
10349,0.6224153
10352,0.5950162
10358,0.8634065
10375,0.6914561
10379,0.84751433
10382,0.53646064
10384,0.43775538
10389,0.8396296
10392,0.6938721
10398,0.68815106
10413,0.82485163
10417,0.59446514
10419,0.40659833
10428,0.86872137
10437,0.73323494
10445,0.6558337
10446,0.8467862
10450,0.48469362
10465,0.75619
10469,0.72754973
10472,0.7015274
10476,0.39241695
10479,0.4441433
10481,0.7048646
10486,0.27280352
10487,0.60722333
10488,0.62857014
10491,0.48821682
10492,0.34811568
10494,0.68250555
10496,0.45936155
10499,0.55165833
10509,0.7267512
10511,0.5590295
10516,0.37419486
10519,0.70867974
10520,0.63275087
10521,0.42480838
10524,0.56173044
10532,0.64370096
10534,0.6205811
10539,0.6659228
10540,0.44511303
10541,0.37817213
10542,0.75622267
10543,0.73774284
10545,0.4768898
10548,0.7545046
10549,0.67051536
10551,0.56006354
10566,0.6085162
10567,0.5739062
10573,0.35352588
10574,0.5966053
10576,0.8838527
10583,0.70197487
10585,0.8323855
10592,0.8101127
10595,0.7248445
10605,0.46849012
10608,0.68072724
10615,0.74117875
10616,0.7529751
10617,0.7664574
10621,0.7880084
10624,0.7049282
10630,0.5895218
10641,0.5798588
10642,0.72829956
10643,0.43927738
10647,0.8537992
10648,0.57255536
10649,0.59353733
10650,0.67692834
10651,0.6761192
10653,0.8153609
10656,0.5834293
10657,0.6910227
10658,0.71231806
10660,0.87744296
10662,0.68960994
10669,0.8191057
10674,0.8606823
10675,0.23006202
10676,0.55891883
10680,0.7382195
10684,0.6647815
10687,0.7472898
10690,0.70508784
10692,0.6869448
10699,0.4457676
10701,0.57385
10707,0.5902287
10712,0.7461905
10716,0.5913957
10719,0.6182283
10720,0.4643468
10723,0.85812026
10725,0.54798293
10738,0.63572675
10743,0.4616233
10745,0.7157122
10749,0.6243329
10751,0.8958419
10752,0.54415786
10755,0.6259739
10758,0.59642744
10760,0.57897455
10763,0.77244896
10764,0.694622
10765,0.86110884
10766,0.590774
10767,0.4023173
10770,0.5166897
10775,0.52957463
10779,0.53549355
10785,0.6590396
10786,0.6274781
10789,0.5036895
10792,0.41545105
10796,0.7312967
10799,0.33311749
10801,0.77917737
10815,0.72798115
10817,0.8483701
10820,0.74606615
10823,0.4677546
10826,0.60626996
10831,0.43424088
10834,0.6859614
10836,0.40691525
10839,0.7798668
10845,0.7287535
10848,0.8262608
10855,0.5492838
10861,0.79998976
10866,0.22335811
10869,0.5245606
10876,0.89988905
10882,0.7094325
10883,0.8131827
10887,0.38596898
10889,0.57679135
10894,0.8781247
10895,0.61003417
10898,0.3632685
10908,0.33280772
10914,0.7487911
10915,0.5777411
10917,0.64773536
10918,0.436674
10930,0.7194291
10936,0.5678903
10947,0.8164541
10948,0.61744213
10949,0.6393736
10952,0.4718661
10960,0.64420605
10962,0.6632439
10964,0.64803547
10967,0.41523764
10971,0.63291305
10972,0.68355596
10979,0.6379342
10980,0.45981464
10982,0.8882131
10985,0.31383368
10987,0.33784965
10992,0.68581283
11000,0.69711167
11003,0.44019747
11014,0.56723464
11027,0.5777858
11029,0.6201191
11043,0.72646993
11044,0.6737046
11045,0.6918289
11049,0.89508426
11052,0.7804761
11060,0.82240844
11069,0.8424497
11071,0.7392186
11072,0.72910005
11073,0.52215075
11086,0.8789975
11095,0.67769796
11097,0.6225556
11101,0.54688907
11106,0.39642665
11107,0.8172028
11108,0.61177844
11112,0.64453554
11125,0.8090202
11126,0.6337011
11130,0.8629342
11131,0.63168836
11133,0.7833338
11134,0.84899056
11136,0.8134274
11137,0.7969853
11140,0.6143965
11145,0.303404
11153,0.75563467
11156,0.6628613
11158,0.81293887
11160,0.60761744
11161,0.75982094
11172,0.7148547
11173,0.62526864
11180,0.70949274
11187,0.57279396
11192,0.64525706
11195,0.39632872
11197,0.7201745
11203,0.63943195
11204,0.8473426
11205,0.42576277
11208,0.8393071
11209,0.69990396
11212,0.5042064
11214,0.4900672
11217,0.5645187
11218,0.42464152
11222,0.51159024
11223,0.7651698
11233,0.6430901
11238,0.6374873
11241,0.5647286
11246,0.67655146
11247,0.6420184
11253,0.77706385
11258,0.62464225
11262,0.73507684
11268,0.675747
11282,0.84380573
11283,0.58498734
11285,0.37344497
11286,0.64406776
11291,0.350836
11299,0.7840867
11301,0.52823776
11303,0.88330674
11305,0.7271099
11308,0.43469945
11312,0.52920026
11322,0.68014026
11324,0.76601005
11325,0.79119617
11328,0.8628076
11337,0.44180173
11338,0.8472996
11342,0.48106867
11343,0.76315755
11345,0.7113972
11350,0.6392471
11353,0.6132391
11354,0.75479937
11357,0.5873311
11359,0.683496
11367,0.23643287
11368,0.8105811
11369,0.484751
11373,0.6037082
11375,0.8997565
11384,0.7112471
11395,0.734408
11398,0.53456366
11403,0.56021106
11404,0.6128753
11406,0.44698676
11407,0.69884515
11413,0.8385631
11417,0.74159527
11424,0.3722193
11426,0.7162111
11434,0.6727246
11441,0.88002634
11442,0.7564294
11445,0.54942334
11447,0.5040476
11448,0.4664
11449,0.84456855
11452,0.5221291
11453,0.7200236
11460,0.7354385
11462,0.59347904
11467,0.52516335
11477,0.7892269
11486,0.87644595
11489,0.82869595
11490,0.7006051
11491,0.7511963
11499,0.8417768
11508,0.64956576
11517,0.807788
11518,0.40060422
11519,0.6163527
11525,0.6999574
11526,0.64706284
11527,0.83564264
11532,0.58983773
11539,0.78507876
11541,0.83993214
11543,0.58567363
11544,0.8081338
11548,0.8444667
11556,0.50123125
11557,0.44026893
11564,0.69079876
11565,0.8775681
11568,0.8958263
11569,0.33269414
11573,0.7263824
11576,0.7192798
11578,0.8712382
11588,0.79738754
11606,0.6309242
11611,0.6084173
11615,0.70983344
11616,0.5263364
11628,0.632547
11630,0.3734557
11638,0.78282523
11641,0.73311925
11643,0.19916104
11644,0.406215
11645,0.8366891
11648,0.7050366
11657,0.76194906
11658,0.8268401
11659,0.7986273
11664,0.29383087
11668,0.67107713
11674,0.24482727
11680,0.57490736
11682,0.7408299
11693,0.75904137
11698,0.5487003
11702,0.742544
11704,0.7655532
11705,0.77339596
11708,0.40762335
11714,0.6374332
11720,0.6691215
11725,0.48903227
11726,0.6449231
11727,0.61360234
11729,0.72946155
11731,0.41220754
11734,0.70021474
11737,0.81348526
11739,0.4122218
11743,0.60929394
11753,0.37401968
11755,0.83053297
11762,0.57176745
11768,0.88519186
11769,0.6840382
11771,0.7011331
11780,0.6291842
11784,0.59203607
11785,0.74603766
11790,0.86759
11797,0.25051045
11801,0.833222
11807,0.4216381
11809,0.5925953
11812,0.66568065
11813,0.6257512
11815,0.55963
11816,0.8461862
11829,0.6881751
11830,0.77941203
11831,0.7293336
11835,0.5148572
11837,0.7290676
11838,0.27749127
11844,0.49508667
11849,0.795365
11856,0.8337759
11860,0.3665869
11864,0.6147474
11867,0.6653977
11868,0.6883969
11869,0.6989245
11872,0.413664
11874,0.75685537
11876,0.79584414
11880,0.84491616
11884,0.8826425
11888,0.6385024
11899,0.7859685
11901,0.5399074
11903,0.6174439
11904,0.47916842
11905,0.75544655
11909,0.7819123
11914,0.7421969
11915,0.4915941
11916,0.8719269
11917,0.54786265
11921,0.820436
11922,0.72123367
11924,0.67941415
11925,0.68937427
11929,0.77407175
11935,0.92619026
11936,0.6966772
11948,0.29044777
11963,0.765643
11966,0.92576146
11976,0.63880193
11978,0.7971982
11983,0.77284217
11988,0.57508457
11992,0.7374845
11994,0.8477178
11995,0.49558708
12006,0.86720854
12018,0.7082479
12022,0.7070686
12024,0.7411526
12025,0.5077862
12026,0.42361227
12032,0.48965323
12033,0.78294724
12034,0.6694586
12036,0.40593526
12044,0.8183042
12046,0.7559665
12062,0.5608909
12074,0.48711425
12077,0.36130577
12078,0.6159585
12081,0.59516466
12086,0.7862691
12090,0.635329
12104,0.74448246
12108,0.6582202
12110,0.8316755
12113,0.44896626
12116,0.6024446
12122,0.7177405
12123,0.67711776
12124,0.76792055
12129,0.5432016
12130,0.7513412
12133,0.8116509
12134,0.5375789
12137,0.92314696
12144,0.7128058
12148,0.3410691
12150,0.62720096
12160,0.75972164
12161,0.708825
12167,0.64460474
12169,0.8040889
12170,0.834082
12171,0.5105643
12175,0.6965623
12178,0.72231334
12181,0.5365789
12196,0.8785838
12199,0.72468776
12201,0.66862565
12207,0.8099594
12212,0.51569515
12213,0.8496961
12215,0.7554008
12217,0.711687
12221,0.7756412
12223,0.85799426
12232,0.56779003
12233,0.59378475
12237,0.6489812
12238,0.6343673
12247,0.6854467
12252,0.4547935
12256,0.8120881
12260,0.49667805
12265,0.8266402
12285,0.609835
12286,0.77751046
12300,0.71611756
12301,0.72470725
12307,0.62331414
12312,0.8607596
12313,0.47913373
12320,0.40309745
12330,0.8764872
12332,0.8381489
12343,0.37328443
12354,0.4311281
12355,0.3267933
12357,0.8123898
12358,0.47921124
12375,0.72755927
12380,0.5540864
12383,0.53499633
12387,0.66246235
12389,0.421573
12390,0.5789032
12391,0.3915752
12395,0.8260124
12396,0.71112025
12397,0.6275944
12398,0.7976121
12399,0.8788906
12400,0.74523854
12406,0.5699099
12413,0.36687222
12414,0.61913395
12416,0.52462924
12420,0.736734
12421,0.74825907
12430,0.48651475
12440,0.86594075
12445,0.80189896
12447,0.9322163
12449,0.57175404
12450,0.28490546
12452,0.48308107
12455,0.75638354
12457,0.6704746
12464,0.5775391
12466,0.5548831
12471,0.6663268
12472,0.5147807
12485,0.50094575
12486,0.65983504
12489,0.7322372
12492,0.60226315
12500,0.66806006
12502,0.56926036
12503,0.7672545
12504,0.8847389
12507,0.82676536
12508,0.6738655
12509,0.74807
12510,0.75000834
12515,0.67205036
12517,0.46971297
12520,0.25843015
12522,0.5869007
12532,0.6673876
12535,0.709868
12537,0.4686946
12539,0.4268724
12542,0.54968524
12543,0.60156554
12546,0.54211766
12547,0.74540263
12549,0.82419336
12550,0.7674028
12553,0.7600128
12562,0.5608727
12563,0.7904331
12564,0.68947446
12575,0.27562687
12590,0.51881325
12591,0.5621617
12603,0.8100814
12608,0.626358
12613,0.48908758
12616,0.61150515
12617,0.647299
12619,0.68980557
12627,0.6063858
12629,0.7385346
12631,0.6754152
12634,0.6908759
12636,0.4811956
12637,0.79722077
12641,0.6388864
12644,0.5942197
12649,0.77909046
12653,0.5517319
12654,0.39379853
12657,0.30415642
12658,0.26792166
12664,0.28335187
12666,0.7235571
12671,0.6391248
12674,0.7266815
12677,0.37151864
12678,0.7167827
12680,0.81198114
12691,0.6614917
12701,0.7849588
12704,0.8062633
12707,0.48291615
12710,0.28000283
12712,0.69552183
12713,0.51105326
12732,0.6637265
12738,0.7494309
12743,0.654999
12744,0.7757621
12753,0.8045132
12759,0.8573484
12765,0.6864953
12766,0.8212697
12782,0.7666699
12786,0.89150774
12788,0.91523296
12797,0.57139087
12801,0.5430673
12809,0.5636275
12820,0.8757139
12821,0.6368051
12822,0.5332664
12823,0.73109746
12827,0.59939253
12828,0.40613893
12833,0.45599163
12839,0.3696405
12840,0.755496
12842,0.8277484
12847,0.4139021
12850,0.56490755
12851,0.60483366
12855,0.7466246
12856,0.4995774
12860,0.38975883
12862,0.7086585
12866,0.7296622
12869,0.73327696
12872,0.7472859
12873,0.73139644
12882,0.8636926
12885,0.33312964
12887,0.83637375
12890,0.5405495
12895,0.6798996
12898,0.696037
12899,0.91886663
12908,0.4378796
12911,0.8849797
12912,0.6765825
12917,0.68382424
12918,0.8222805
12920,0.6670158
12921,0.5106893
12927,0.7968412
12940,0.7650101
12951,0.51329565
12953,0.51567346
12956,0.8156351
12961,0.7252219
12971,0.79855335
12981,0.7018036
12983,0.7222319
12995,0.5121321
12997,0.66220045
13002,0.86723185
13006,0.51068264
13013,0.537956
13018,0.50128573
13022,0.71179646
13023,0.82110536
13026,0.74562097
13027,0.41079482
13029,0.6518036
13038,0.6273378
13040,0.702392
13051,0.5821969
13052,0.7355176
13054,0.56939805
13056,0.32489353
13057,0.80742997
13058,0.64708406
13063,0.71322376
13072,0.7618508
13073,0.28718212
13076,0.7971564
13077,0.92222893
13094,0.76373047
13096,0.74828553
13098,0.6877431
13115,0.513698
13118,0.3250601
13122,0.38656753
13124,0.47513643
13128,0.4882515
13132,0.6515692
13137,0.81169
13141,0.592167
13142,0.31865034
13145,0.6603423
13153,0.5726151
13154,0.37143698
13157,0.6980408
13158,0.7369013
13163,0.515715
13167,0.52458453
13181,0.5565011
13186,0.6834604
13187,0.82292324
13188,0.8797404
13190,0.9044292
13191,0.79560965
13194,0.8309214
13195,0.7809832
13199,0.75728035
13209,0.7408383
13213,0.8653885
13214,0.47902864
13220,0.63819176
13222,0.8947089
13225,0.86057234
13226,0.82628703
13229,0.6288202
13230,0.3353245
13231,0.7350466
13232,0.49125698
13236,0.75759715
13241,0.7122477
13242,0.4975596
13247,0.35702032
13248,0.121341504
13250,0.45879942
13251,0.87880385
13252,0.81074506
13253,0.69130915
13255,0.35851467
13257,0.32287478
13260,0.8181631
13261,0.5221651
13263,0.75853544
13266,0.7733739
13269,0.8341584
13273,0.5888885
13274,0.6414906
13277,0.66377866
13281,0.46021724
13288,0.4547328
13290,0.64001524
13297,0.7676013
13308,0.56507766
13321,0.43104738
13322,0.6190517
13324,0.6661223
13331,0.7207576
13336,0.6859464
13346,0.3491136
13347,0.6086083
13354,0.79675347
13355,0.68393135
13357,0.7049413
13369,0.794851
13371,0.785321
13378,0.8505049
13381,0.6628492
13383,0.70742047
13384,0.8548013
13386,0.7035737
13397,0.7018219
13399,0.3306556
13412,0.32051992
13416,0.5770248
13420,0.75171155
13433,0.8140961
13440,0.37464383
13446,0.72329855
13447,0.4503726
13455,0.6305483
13456,0.8864827
13462,0.20436479
13463,0.6710329
13464,0.9238753
13469,0.25228873
13472,0.80245924
13480,0.5334497
13481,0.6909256
13485,0.29195246
13490,0.7320755
13494,0.5892803
13496,0.79193646
13497,0.7681356
13510,0.37426624
13511,0.35693404
13513,0.7543584
13514,0.51211035
13516,0.71835005
13519,0.72269124
13522,0.75050896
13523,0.8107708
13524,0.62716633
13541,0.7222564
13548,0.85150754
13549,0.8762764
13552,0.913886
13554,0.76387614
13555,0.7356399
13556,0.54847586
13558,0.87077516
13559,0.6418396
13562,0.527689
13563,0.72981906
13569,0.4893996
13570,0.5229871
13573,0.6209711
13574,0.43654892
13586,0.6233725
13591,0.27552053
13595,0.71280205
13602,0.6836222
13609,0.619043
13610,0.878839
13623,0.47842094
13626,0.5346314
13632,0.70598656
13633,0.39363012
13638,0.5048869
13645,0.6800577
13647,0.48364636
13653,0.7091746
13656,0.4959723
13660,0.36082458
13663,0.59870553
13666,0.62740713
13671,0.43671706
13672,0.49138016
13673,0.19620797
13676,0.7092671
13677,0.45596048
13678,0.547523
13682,0.66288304
13687,0.8403548
13698,0.43615907
13701,0.4893234
13709,0.8185384
13710,0.5438774
13715,0.7588395
13718,0.543958
13723,0.6137517
13727,0.71897674
13728,0.71380466
13736,0.83258504
13737,0.743425
13741,0.7499089
13747,0.4336218
13756,0.7754343
13758,0.6500206
13761,0.649714
13767,0.7345091
13769,0.49193278
13770,0.7113455
13776,0.87480676
13784,0.8923785
13785,0.69395864
13787,0.6824336
13792,0.6733805
13795,0.26778838
13801,0.8569894
13808,0.6411011
13809,0.33582792
13815,0.5179237
13818,0.5172019
13820,0.61817175
13822,0.6899918
13824,0.49549603
13825,0.7034221
13830,0.69518423
13831,0.8130995
13832,0.37284118
13834,0.7571904
13837,0.9138373
13839,0.6753767
13840,0.67539483
13843,0.5080992
13847,0.8423551
13852,0.34365022
13853,0.7011098
13855,0.7776266
13856,0.41229436
13860,0.5351176
13861,0.77394223
13863,0.8329702
13865,0.4749279
13871,0.6736356
13873,0.8173614
13878,0.66233456
13879,0.60897124
13880,0.7346927
13888,0.5928883
13889,0.48189566
13893,0.35355115
13894,0.92634135
13895,0.96114516
13896,0.55127424
13901,0.8198944
13908,0.85225296
13910,0.42647776
13914,0.8297769
13923,0.73901397
13926,0.4844337
13927,0.51306397
13929,0.72113603
13936,0.4662411
13937,0.84646624
13939,0.655216
13951,0.8410187
13954,0.7259088
13958,0.603561
13969,0.5122316
13981,0.5112297
13982,0.6548933
13984,0.68132955
13988,0.7330741
13990,0.6049883
13992,0.8583459
14000,0.44020194
14001,0.6285762
14002,0.40643322
14003,0.7683923
14007,0.89499325
14009,0.8726142
14010,0.64596474
14018,0.5765421
14020,0.7007151
14025,0.79412645
14028,0.87371796
14044,0.80815566
14045,0.50488687
14048,0.68260306
14052,0.76998097
14055,0.6985365
14058,0.7096637
14063,0.66533
14066,0.73834324
14070,0.83804405
14071,0.6712317
14087,0.8559823
14088,0.78154147
14089,0.6678442
14090,0.7259634
14112,0.32177442
14113,0.6553456
14120,0.78098786
14124,0.7978013
14126,0.8535099
14133,0.8373457
14134,0.62843764
14142,0.7726185
14147,0.88037896
14151,0.6036503
14158,0.737711
14161,0.8019774
14162,0.7978646
14168,0.7745277
14173,0.8069009
14174,0.774603
14178,0.8720557
14181,0.60714024
14190,0.5396107
14196,0.87283784
14199,0.8280379
14217,0.64714646
14218,0.7454139
14222,0.54613036
14225,0.68476754
14226,0.6775489
14240,0.5976369
14245,0.5352459
14249,0.45100614
14252,0.5678812
14256,0.34593374
14260,0.58829606
14261,0.64255565
14262,0.5100968
14264,0.706305
14265,0.31135342
14272,0.72228414
14275,0.5219368
14276,0.4685299
14278,0.7930634
14284,0.23308313
14285,0.82009244
14287,0.40243354
14289,0.30182686
14293,0.6259316
14302,0.90466464
14303,0.94681996
14305,0.6114345
14306,0.87369627
14307,0.74788576
14310,0.518308
14314,0.24326494
14317,0.55852634
14319,0.4110831
14320,0.5437469
14321,0.8361584
14327,0.6342337
14328,0.63552755
14329,0.8722464
14336,0.7499439
14337,0.8349381
14338,0.65325934
14340,0.29226053
14358,0.5898218
14360,0.57637906
14361,0.23293275
14369,0.6757995
14371,0.35299295
14381,0.19486517
14385,0.41609156
14389,0.52474266
14390,0.68062097
14394,0.28386006
14404,0.9124253
14408,0.61536455
14411,0.50052035
14428,0.68395406
14436,0.6774357
14446,0.6632197
14449,0.77340615
14463,0.49425298
14466,0.5243982
14468,0.7878122
14470,0.49835327
14471,0.41829413
14482,0.579702
14485,0.6349213
14487,0.54208475
14488,0.8708048
14491,0.38429493
14492,0.8540261
14502,0.917247
14503,0.90127444
14505,0.81448835
14508,0.49652463
14518,0.6896345
14521,0.6770291
14528,0.6896132
14535,0.59053886
14539,0.5746483
14547,0.6929679
14551,0.7603092
14562,0.81776893
14567,0.5536344
14568,0.6379707
14574,0.597255
14579,0.6631383
14582,0.4460645
14583,0.662624
14588,0.6610635
14590,0.5152832
14592,0.7832676
14593,0.76348716
14594,0.2714945
14603,0.60973245
14611,0.7966522
14612,0.83118397
14619,0.8370727
14621,0.57881683
14623,0.66501963
14628,0.8624518
14639,0.7349539
14640,0.8082082
14641,0.8183966
14646,0.2645209
14661,0.6429066
14668,0.86703736
14669,0.6921122
14670,0.7370991
14678,0.8557725
14684,0.5704564
14686,0.4810073
14688,0.49484193
14689,0.7999087
14692,0.6095722
14694,0.55004215
14698,0.79148805
14706,0.8111554
14708,0.74834704
14709,0.81697583
14714,0.5714941
14716,0.53416616
14717,0.8262933
14718,0.6521203
14727,0.5523991
14731,0.8740308
14738,0.7879227
14743,0.49061868
14744,0.65714526
14746,0.6675792
14749,0.76816523
14750,0.8940792
14751,0.7099829
14757,0.6245018
14758,0.38298354
14759,0.81899923
14760,0.8196497
14761,0.81235754
14762,0.42750633
14764,0.6317871
14765,0.5102926
14779,0.6061577
14782,0.60606414
14786,0.70366824
14787,0.8640243
14794,0.534221
14796,0.6283686
14799,0.7180129
14801,0.74932194
14803,0.7573104
14804,0.8357404
14809,0.81110555
14817,0.7554055
14823,0.7352728
14824,0.62346464
14826,0.58920753
14830,0.54641163
14831,0.49731004
14836,0.8904058
14854,0.8861345
14859,0.6167008
14866,0.5596157
14868,0.58898085
14871,0.66831136
14873,0.7397087
14874,0.683933
14881,0.7286146
14882,0.755874
14888,0.7752386
14889,0.6851591
14890,0.92040855
14897,0.85178286
14901,0.64324427
14903,0.67692035
14910,0.6798454
14911,0.68063366
14912,0.5737285
14915,0.85283065
14918,0.75657743
14920,0.59097534
14925,0.8958243
14927,0.6418422
14940,0.5229174
14947,0.53146213
14948,0.5946334
14951,0.65083706
14954,0.44929373
14960,0.1889454
14964,0.45091146
14978,0.5230766
14983,0.6972479
14985,0.60457444
14987,0.63184625
14992,0.51743186
14997,0.8909077
14998,0.78890586
15002,0.42566752
15007,0.7380555
15010,0.8313939
15011,0.85646397
15012,0.86381155
15015,0.58779794
15021,0.61463606
15024,0.8798241
15027,0.55697626
15028,0.7251545
15029,0.50114477
15031,0.60621756
15032,0.8682831
15038,0.72115225
15042,0.42213094
15049,0.39459386
15050,0.46178374
15051,0.8809477
15059,0.704163
15069,0.50545406
15081,0.37621522
15098,0.8655253
15099,0.6430208
15100,0.5931989
15102,0.643659
15103,0.5141356
15114,0.53506804
15126,0.43733746
15128,0.8171219
15134,0.76978374
15137,0.6942455
15140,0.90855366
15141,0.6131871
15142,0.59297764
15143,0.62474275
15148,0.7610558
15163,0.61052763
15168,0.72445655
15172,0.5336707
15173,0.603291
15175,0.8917261
15179,0.7609143
15182,0.61475265
15185,0.8493551
15192,0.72088844
15194,0.7233438
15196,0.64950836
15213,0.8041707
15215,0.57867825
15216,0.31492463
15217,0.26722986
15219,0.8186602
15220,0.8884558
15223,0.35990426
15226,0.72657037
15230,0.6011206
15234,0.58114475
15239,0.5316799
15247,0.7235442
15252,0.45741385
15253,0.8065489
15255,0.62086946
15262,0.7600831
15268,0.37418348
15270,0.3309007
15277,0.7115599
15278,0.72733194
15281,0.77873397
15284,0.64243877
15285,0.70791394
15288,0.7038262
15291,0.84467596
15293,0.6991593
15296,0.61587834
15297,0.52583
15298,0.6936644
15300,0.80438477
15314,0.6799652
15321,0.7403446
15323,0.7063011
15324,0.53749555
15327,0.53981286
15328,0.78524536
15344,0.78986305
15349,0.8132068
15353,0.6525549
15355,0.56401485
15360,0.7397545
15365,0.93433434
15366,0.57560736
15368,0.23909236
15371,0.47571263
15382,0.41697773
15384,0.6437152
15385,0.76460195
15391,0.82981145
15402,0.5241268
15406,0.85275805
15409,0.82818943
15410,0.84514856
15431,0.5485793
15435,0.8971511
15436,0.45943034
15441,0.9099687
15444,0.68544585
15445,0.84935105
15446,0.53934103
15454,0.24907841
15459,0.6672861
15460,0.43877584
15466,0.65148216
15470,0.71957654
15471,0.5922341
15475,0.76082057
15477,0.36439595
15485,0.6201126
15489,0.7008618
15490,0.8178915
15496,0.64226544
15505,0.58933485
15510,0.625006
15514,0.74341327
15527,0.7509315
15531,0.2984639
15535,0.483438
15537,0.62986106
15541,0.69687015
15545,0.76424414
15546,0.8181193
15552,0.5501434
15562,0.7588869
15567,0.8031672
15572,0.72372836
15577,0.8336552
15580,0.73387295
15584,0.67452407
15588,0.68045485
15592,0.20478764
15595,0.7321143
15598,0.25004974
15602,0.8442906
15606,0.5401141
15617,0.86027527
15627,0.64027625
15628,0.5341734
15629,0.78286266
15645,0.8880582
15646,0.5913893
15648,0.7444476
15649,0.68480843
15650,0.7220356
15652,0.6681846
15655,0.80025995
15658,0.7890473
15663,0.5702589
15666,0.5388011
15675,0.43972033
15680,0.56621754
15681,0.4038793
15683,0.7145962
15688,0.8190511
15691,0.4429425
15704,0.75171816
15714,0.8755301
15720,0.6173258
15728,0.6938746
15729,0.34583363
15733,0.78931785
15745,0.54524773
15754,0.7005869
15756,0.6013465
15763,0.8515893
15779,0.7267773
15785,0.89623183
15786,0.60595614
15789,0.6971287
15791,0.8416483
15794,0.6565579
15800,0.26553544
15805,0.70357096
15806,0.4019168
15813,0.62021524
15822,0.6654435
15826,0.59592134
15827,0.723367
15829,0.60578114
15831,0.7215014
15833,0.6630809
15835,0.83291095
15838,0.85858154
15840,0.60047424
15846,0.38575974
15851,0.238343
15853,0.54988223
15854,0.692572
15858,0.44454125
15859,0.6548825
15865,0.77036357
15879,0.51083505
15881,0.37291506
15884,0.85038763
15887,0.7423436
15891,0.5124507
15893,0.8543247
15903,0.8344353
15905,0.83300567
15907,0.22936884
15921,0.661013
15932,0.61906385
15935,0.62466097
15936,0.8182799
15942,0.49757534
15945,0.7012378
15948,0.5889675
15949,0.8327871
15950,0.75642914
15954,0.6910298
15956,0.85293144
15965,0.5885377
15966,0.8027206
15968,0.24847193
15969,0.84487927
15971,0.8658923
15973,0.7769011
15975,0.6382776
15983,0.5411933
15986,0.7920585
15998,0.26489317
16000,0.32438403
16003,0.54404515
16010,0.5311207
16011,0.70219326
16016,0.71872085
16023,0.64638996
16025,0.71476436
16026,0.27271447
16028,0.72881967
16030,0.6121061
16038,0.60228395
16042,0.8301363
16043,0.67930144
16057,0.8493215
16059,0.8564965
16063,0.53810465
16065,0.7534658
16074,0.3675241
16077,0.71710044
16081,0.9120871
16085,0.7025176
16086,0.731236
16095,0.7005374
16099,0.546279
16102,0.37307534
16106,0.7415107
16110,0.6754251
16118,0.7347417
16136,0.9362877
16138,0.5547948
16144,0.44075444
16146,0.32387936
16147,0.79845166
16148,0.6313718
16153,0.674095
16155,0.68511945
16156,0.73065263
16158,0.30662835
16166,0.58421826
16167,0.70397025
16178,0.71339166
16179,0.6712176
16180,0.7017788
16186,0.8205869
16188,0.8566556
16197,0.7189019
16204,0.7959476
16206,0.25767794
16217,0.7380492
16218,0.80143887
16220,0.86634904
16227,0.3444371
16231,0.7880969
16234,0.59996146
16236,0.53293025
16237,0.26403505
16242,0.33605975
16243,0.32348326
16248,0.486972
16257,0.8515215
16262,0.7578962
16264,0.56978995
16265,0.76803315
16266,0.5859641
16270,0.53911686
16272,0.7658827
16273,0.87822604
16276,0.55195516
16277,0.7917603
16281,0.5488745
16291,0.3587522
16293,0.7806605
16295,0.23286532
16297,0.9132655
16298,0.6795772
16303,0.87831765
16309,0.6268157
16318,0.69053614
16327,0.67683786
16335,0.61064523
16340,0.49841982
16343,0.63274384
16346,0.5433372
16357,0.75903046
16358,0.2906302
16359,0.37007368
16364,0.5763336
16367,0.83967763
16375,0.6189213
16386,0.32066527
16395,0.6815685
16398,0.5791339
16401,0.743902
16403,0.718931
16409,0.7218875
16412,0.8911168
16413,0.47726813
16415,0.58942574
16422,0.7564792
16428,0.4093946
16430,0.41226757
16433,0.71714115
16446,0.56486857
16469,0.82229936
16476,0.7384469
16477,0.6708916
16491,0.48645115
16501,0.679215
16510,0.48226243
16511,0.25206548
16512,0.7692903
16513,0.69796926
16516,0.48658282
16519,0.8069369
16522,0.8260017
16531,0.54590064
16539,0.74963796
16544,0.6374389
16547,0.5715634
16551,0.7336096
16562,0.8420251
16569,0.75530994
16578,0.88370633
16579,0.883309
16581,0.8622109
16588,0.6323526
16589,0.5058002
16590,0.8167362
16597,0.43545365
16600,0.27834067
16608,0.5017577
16626,0.24497364
16627,0.651832
16630,0.72699004
16633,0.30715632
16638,0.6586917
16640,0.35788146
16641,0.8072769
16648,0.8882746
16651,0.61145484
16657,0.782328
16659,0.60742754
16660,0.90407014
16662,0.5280338
16666,0.79579645
16671,0.7048648
16672,0.59781355
16676,0.8380298
16677,0.81677586
16678,0.5841654
16682,0.8409259
16689,0.6104482
16692,0.74414295
16696,0.75666296
16702,0.551185
16710,0.69911695
16714,0.7458816
16721,0.4433749
16727,0.19134161
16728,0.89441085
16732,0.622861
16734,0.64685595
16735,0.63427675
16737,0.8439163
16739,0.21431375
16745,0.68413824
16746,0.6015094
16749,0.5493728
16750,0.6640842
16751,0.5369278
16757,0.4480999
16761,0.36246634
16762,0.4917138
16766,0.8187906
16772,0.64343333
16780,0.3125271
16782,0.7764852
16785,0.21896034
16788,0.89738244
16792,0.6261847
16795,0.7271887
16796,0.33173287
16801,0.63796335
16802,0.84096146
16807,0.79646283
16809,0.7622862
16823,0.85782814
16824,0.7895257
16829,0.6412541
16833,0.6787423
16837,0.434253
16839,0.64211565
16844,0.63286597
16847,0.49316138
16854,0.69804806
16856,0.6592888
16858,0.543901
16862,0.47227404
16864,0.5579568
16866,0.8315218
16877,0.77843225
16879,0.5951668
16882,0.6220986
16885,0.8033997
16888,0.7497775
16894,0.878716
16897,0.35948646
16901,0.7718365
16902,0.18657191
16905,0.5358205
16910,0.7126401
16916,0.9105293
16920,0.7746439
16921,0.6478213
16923,0.8707378
16932,0.2874735
16936,0.39803624
16946,0.62790656
16948,0.4850707
16951,0.8293083
16957,0.83193016
16976,0.7925576
16980,0.79989535
16993,0.6909988
16996,0.67191076
16997,0.7010426
16999,0.5709915
17007,0.7504721
17013,0.75814253
17019,0.82820594
17032,0.7510056
17035,0.80172354
17036,0.5022638
17043,0.77056074
17046,0.6864148
17049,0.89375913
17051,0.58518565
17056,0.66682255
17063,0.43560782
17066,0.6798413
17083,0.734534
17086,0.67916715
17087,0.7779029
17090,0.48137555
17093,0.70683587
17096,0.8195152
17097,0.69615793
17101,0.7481788
17104,0.58936477
17105,0.4245625
17110,0.59805775
17111,0.5214538
17115,0.4204414
17116,0.45384884
17122,0.76184386
17125,0.42315194
17128,0.54595715
17130,0.78687924
17131,0.7702506
17132,0.6452331
17143,0.6384939
17148,0.6701779
17153,0.650261
17155,0.76501137
17156,0.879076
17157,0.5566089
17159,0.55458456
17163,0.8709548
17167,0.5910997
17174,0.65071243
17175,0.28964806
17193,0.8552504
17195,0.6697431
17199,0.5645213
17200,0.6350987
17206,0.5619629
17218,0.84648746
17219,0.75720155
17221,0.66505957
17224,0.55162823
17230,0.46849152
17238,0.40722638
17247,0.40267652
17249,0.6457364
17254,0.79002804
17260,0.7737318
17264,0.4977173
17266,0.67827004
17271,0.6753853
17281,0.47178325
17283,0.8454139
17284,0.4040019
17289,0.5320968
17291,0.7597497
17293,0.482504
17294,0.6696697
17296,0.8137673
17298,0.7620307
17302,0.5790625
17303,0.67567825
17305,0.7148847
17306,0.39274657
17310,0.69651043
17311,0.803983
17312,0.55081195
17313,0.699359
17314,0.8710216
17326,0.69460016
17327,0.77788967
17334,0.7976497
17336,0.73007697
17342,0.7332468
17347,0.76824945
17351,0.8623197
17353,0.4575736
17356,0.7418838
17358,0.8001839
17367,0.6562302
17370,0.3982099
17372,0.6266653
17375,0.7434029
17380,0.69335693
17381,0.58922446
17382,0.86033803
17383,0.57573766
17385,0.7242503
17388,0.78697866
17391,0.48467737
17400,0.37341633
17401,0.7845379
17402,0.41387618
17404,0.77038145
17405,0.5768076
17406,0.5462809
17417,0.6307842
17418,0.44260195
17421,0.85109705
17424,0.42922035
17434,0.62569606
17437,0.9036431
17439,0.82053
17442,0.46193397
17444,0.38493088
17446,0.689458
17449,0.8067243
17454,0.6085184
17455,0.71122015
17456,0.65974087
17458,0.7043439
17461,0.5982481
17467,0.7629572
17468,0.69659513
17469,0.5006139
17472,0.48792946
17476,0.84838
17482,0.8701583
17484,0.7398326
17485,0.8478876
17490,0.5366027
17495,0.6823455
17500,0.46201608
17504,0.6872446
17508,0.8407421
17510,0.44796172
17513,0.4036163
17515,0.8032538
17516,0.5070372
17519,0.65656644
17531,0.8038356
17537,0.5078729
17538,0.7604177
17541,0.7418976
17544,0.50779635
17545,0.75699085
17547,0.7036777
17549,0.569036
17555,0.58864295
17557,0.45999417
17559,0.79335374
17560,0.74674493
17561,0.8111062
17566,0.8236823
17569,0.87206155
17570,0.27795878
17579,0.49765405
17581,0.6454647
17586,0.5613208
17587,0.73899525
17590,0.8669234
17592,0.5917873
17595,0.58093953
17597,0.32185417
17602,0.79017854
17606,0.6835908
17612,0.7746209
17614,0.6308853
17615,0.7870848
17616,0.83398515
17621,0.2719864
17623,0.64067644
17625,0.45457712
17626,0.8782199
17629,0.5541329
17631,0.8402895
17639,0.62660986
17649,0.7825756
17654,0.7698815
17666,0.8186504
17676,0.8107079
17677,0.77278835
17683,0.7084735
17685,0.7003032
17687,0.1924595
17697,0.6890507
17701,0.7841994
17703,0.45373213
17707,0.8490651
17710,0.56506425
17712,0.6943501
17723,0.6702035
17727,0.590392
17730,0.6394805
17735,0.6294721
17738,0.80989194
17744,0.8280406
17746,0.6783915
17747,0.54406536
17753,0.7247556
17754,0.65945554
17755,0.6956165
17760,0.8035484
17764,0.6795915
17770,0.6899108
17772,0.6707619
17773,0.4378106
17778,0.62815815
17784,0.5568756
17786,0.57622725
17788,0.48074645
17791,0.6546558
17801,0.7351198
17802,0.38420308
17812,0.7667919
17814,0.8902511
17818,0.9078412
17819,0.55439365
17822,0.8244313
17828,0.59103554
17831,0.5203446
17833,0.83508354
17839,0.59496933
17842,0.88395077
17846,0.7710388
17855,0.51599723
17856,0.797997
17859,0.68385905
17860,0.82601774
17873,0.30084717
17874,0.64382046
17875,0.6178254
17884,0.75828636
17893,0.7175082
17895,0.6737964
17900,0.74823314
17905,0.66574407
17906,0.6492589
17909,0.56136096
17916,0.70466715
17920,0.69293064
17925,0.3582159
17926,0.83558404
17931,0.7638319
17933,0.9138645
17934,0.79938674
17937,0.6610193
17939,0.74009395
17943,0.77281606
17944,0.7532257
17945,0.6097038
17948,0.62892526
17949,0.8783121
17950,0.89384365
17951,0.3554528
17954,0.672088
17955,0.6113124
17956,0.5247003
17957,0.29219145
17958,0.2888358
17960,0.6895732
17961,0.697108
17970,0.9104065
17979,0.44232222
17981,0.61708546
17984,0.6650171
17986,0.7686359
17987,0.6411419
17990,0.6918715
17991,0.5272638
17994,0.8340481
18002,0.60384
18005,0.55432117
18010,0.30437854
18013,0.3315759
18020,0.50208503
18023,0.838872
18031,0.8531507
18034,0.7381693
18037,0.63884485
18039,0.58285385
18041,0.36540097
18045,0.7438987
18048,0.46358985
18050,0.54723376
18058,0.49174193
18060,0.8482919
18063,0.6417324
18064,0.5697384
18071,0.82293993
18072,0.78197885
18073,0.59130687
18074,0.592251
18095,0.71858597
18099,0.3944964
18101,0.8084414
18113,0.61315686
18117,0.6754426
18125,0.37906265
18129,0.58448285
18143,0.8838853
18152,0.41413996
18153,0.86400926
18157,0.709533
18162,0.71414083
18164,0.8795858
18170,0.7557738
18174,0.69873035
18178,0.7057323
18181,0.66457266
18183,0.55006474
18190,0.8299417
18192,0.6835849
18202,0.36414027
18205,0.56070477
18208,0.6199841
18209,0.7703372
18212,0.55858076
18220,0.734259
18224,0.37074056
18225,0.81633544
18227,0.45617345
18234,0.8145115
18245,0.71775883
18248,0.3394008
18253,0.60553485
18254,0.869684
18274,0.68221176
18283,0.64202845
18287,0.7598257
18300,0.81013334
18315,0.3710706
18316,0.79298633
18323,0.7993764
18328,0.84000134
18330,0.89001733
18333,0.7234841
18335,0.33543965
18337,0.75762045
18339,0.56541795
18343,0.84051394
18344,0.41947
18345,0.41435644
18346,0.60788345
18347,0.674283
18348,0.6864286
18354,0.44802383
18361,0.7922381
18369,0.60420316
18372,0.65339667
18380,0.7155509
18381,0.79060084
18384,0.47734743
18385,0.33283186
18390,0.4309567
18393,0.80309844
18394,0.79543084
18404,0.5783652
18414,0.8056152
18422,0.9168099
18423,0.6701557
18424,0.37102547
18425,0.35398394
18434,0.610261
18439,0.82237273
18440,0.77444565
18443,0.5325571
18444,0.4166636
18452,0.5863921
18461,0.5165086
18462,0.65571743
18463,0.78303176
18474,0.37034345
18479,0.6807921
18483,0.5483756
18488,0.56875896
18489,0.4241165
18490,0.8138517
18491,0.65218955
18495,0.25263023
18497,0.774513
18504,0.7307751
18511,0.7100423
18514,0.677051
18515,0.9223656
18517,0.6748217
18522,0.45310837
18525,0.8109526
18529,0.4428789
18531,0.6300553
18533,0.8836662
18536,0.81404483
18537,0.6644402
18538,0.74637413
18540,0.7211301
18547,0.767696
18548,0.7290277
18552,0.42419067
18553,0.5508069
18557,0.4209213
18558,0.27899927
18560,0.6490731
18564,0.40847638
18568,0.68364066
18576,0.45906004
18578,0.37997907
18579,0.69972646
18580,0.8057059
18596,0.8655875
18598,0.78843766
18603,0.80789065
18605,0.27995038
18606,0.3729223
18607,0.6639789
18609,0.8334763
18620,0.8272182
18623,0.65374875
18624,0.7721832
18640,0.4687187
18652,0.41279843
18653,0.59672886
18656,0.7282081
18657,0.80373317
18675,0.6401474
18677,0.46571806
18682,0.90765494
18685,0.8682032
18686,0.43753484
18690,0.63802934
18695,0.893117
18698,0.6243974
18703,0.6287722
18704,0.61857164
18707,0.8614106
18710,0.7590534
18714,0.8444305
18715,0.77155656
18728,0.6086973
18732,0.7252192
18737,0.63942873
18741,0.3139746
18743,0.36322844
18745,0.6762248
18751,0.7465636
18754,0.7079162
18758,0.77666247
18764,0.70186716
18765,0.76262605
18768,0.50183237
18779,0.8056581
18780,0.4617578
18781,0.7924521
18785,0.56639683
18789,0.93730783
18792,0.81770325
18793,0.9110491
18794,0.8269528
18807,0.57155347
18814,0.70429707
18822,0.77788556
18823,0.5380005
18826,0.3679631
18827,0.3941906
18828,0.6008526
18831,0.5061826
18832,0.7193427
18833,0.5630307
18836,0.85147834
18841,0.8343392
18848,0.7856102
18849,0.6407842
18850,0.7991617
18853,0.48387808
18854,0.4789959
18858,0.5328169
18859,0.65788215
18860,0.36998677
18863,0.8134147
18867,0.7644304
18871,0.6944168
18874,0.69478345
18878,0.67471254
18887,0.860975
18896,0.43557525
18899,0.9082044
18901,0.8442477
18906,0.5185464
18908,0.70639694
18910,0.6223743
18912,0.84445393
18913,0.8999958
18920,0.67562634
18923,0.53357923
18924,0.7654996
18926,0.6817735
18930,0.7918755
18934,0.79122263
18938,0.7591138
18939,0.50641084
18945,0.93287677
18947,0.49453086
18948,0.7868143
18949,0.58048224
18951,0.34585747
18952,0.6633071
18954,0.4905792
18969,0.81202626
18977,0.84615713
18979,0.2901109
18980,0.8372391
18981,0.20160949
18984,0.69598854
18988,0.8591914
18989,0.79383445
18991,0.65989375
19007,0.77608544
19008,0.7776457
19009,0.8732621
19016,0.67995876
19023,0.40990776
19029,0.34521228
19030,0.3861881
19032,0.5277766
19033,0.8241854
19041,0.5372546
19042,0.6553123
19043,0.4110653
19045,0.78137964
19049,0.8031081
19052,0.72379506
19055,0.84304684
19061,0.70753926
19066,0.73521376
19067,0.5362084
19077,0.6337352
19078,0.575328
19081,0.7701263
19083,0.45916286
19084,0.46513554
19087,0.7350638
19090,0.8407
19094,0.54048204
19101,0.71449345
19104,0.89248145
19112,0.5182521
19118,0.7074229
19127,0.41571337
19130,0.47184336
19131,0.4182
19132,0.72956836
19135,0.87468636
19136,0.6586551
19137,0.9005244
19138,0.7182889
19144,0.64453596
19145,0.70557505
19157,0.59791714
19166,0.86394775
19174,0.8162864
19177,0.34365794
19180,0.45698458
19188,0.69766927
19197,0.8189286
19202,0.7311338
19208,0.6209839
19210,0.50786936
19212,0.5330352
19213,0.46519572
19217,0.78816235
19220,0.88129777
19227,0.75791025
19240,0.8472841
19241,0.5490955
19243,0.50802124
19247,0.7730397
19248,0.50580895
19249,0.6502334
19250,0.7419605
19251,0.45915142
19253,0.23158109
19259,0.89124155
19264,0.33665723
19268,0.56560946
19270,0.9354582
19274,0.8519032
19278,0.33611503
19279,0.64475507
19280,0.49484625
19284,0.31405005
19286,0.8154336
19289,0.8824654
19290,0.39199117
19293,0.5759137
19294,0.6254212
19296,0.45028037
19298,0.82874876
19302,0.5752019
19303,0.39888033
19304,0.8882306
19307,0.5528461
19311,0.81163764
19312,0.58271164
19318,0.76499975
19329,0.63428026
19333,0.8021224
19337,0.9225419
19341,0.5324044
19343,0.93184257
19344,0.41705585
19345,0.6596894
19346,0.85909355
19347,0.61685795
19352,0.57224274
19357,0.54668957
19361,0.4759544
19364,0.66678655
19376,0.6126048
19387,0.8180994
19388,0.8649237
19393,0.5759788
19396,0.6932649
19398,0.43063274
19404,0.75062376
19415,0.76489794
19416,0.6641504
19417,0.8206191
19420,0.54618955
19421,0.871999
19422,0.6516592
19424,0.70536137
19428,0.8262401
19437,0.75872624
19440,0.5814544
19443,0.6961635
19453,0.8728319
19461,0.66143745
19464,0.6248967
19470,0.82275546
19481,0.7947863
19483,0.6554737
19484,0.77028835
19487,0.86726326
19495,0.50846136
19498,0.637913
19499,0.7134562
19501,0.43942025
19505,0.5957799
19506,0.69927406
19508,0.83078253
19510,0.5506082
19513,0.38077566
19516,0.86906993
19523,0.43416962
19524,0.77304006
19531,0.57166743
19533,0.44524765
19537,0.61917436
19541,0.6139331
19542,0.78333557
19543,0.78306115
19545,0.8919485
19549,0.6515231
19550,0.62826765
19553,0.6980383
19554,0.35149953
19555,0.68653446
19558,0.8516288
19559,0.701711
19564,0.6340747
19575,0.7599261
19579,0.64640766
19583,0.53636926
19584,0.8133571
19586,0.6708209
19587,0.71160966
19588,0.80659235
19591,0.6680419
19599,0.7674218
19602,0.8828087
19610,0.4783965
19613,0.75095546
19616,0.83390737
19622,0.69295573
19623,0.55295527
19629,0.8018811
19630,0.42604345
19635,0.32042006
19637,0.89339954
19642,0.46132335
19644,0.7483198
19645,0.5432084
19646,0.67865956
19647,0.7395433
19651,0.606539
19654,0.8780511
19663,0.8252513
19665,0.77272695
19667,0.78236675
19670,0.6703213
19683,0.8487024
19685,0.7117226
19690,0.7385552
19694,0.837626
19696,0.8491987
19703,0.8317219
19705,0.766586
19708,0.64279723
19717,0.80965096
19727,0.76531297
19728,0.5616656
19740,0.5099236
19742,0.8565055
19744,0.76108056
19745,0.7989629
19747,0.5064592
19748,0.695685
19750,0.8027051
19753,0.71110725
19754,0.7568069
19757,0.6045854
19764,0.8547297
19767,0.42759198
19769,0.8335577
19779,0.70999247
19781,0.83576006
19782,0.57396096
19783,0.4984675
19787,0.41075635
19788,0.5305035
19792,0.62547183
19801,0.552632
19803,0.55359083
19805,0.60730624
19812,0.5121941
19820,0.71283925
19821,0.7705636
19830,0.6268766
19831,0.84635484
19832,0.88286006
19837,0.7286941
19839,0.83894503
19843,0.34036985
19855,0.78847086
19857,0.48024997
19858,0.56709427
19866,0.77062315
19871,0.60465443
19876,0.86816055
19884,0.8798946
19890,0.7688553
19899,0.5998985
19901,0.8367698
19902,0.4737409
19905,0.50626665
19908,0.83099544
19910,0.1477344
19911,0.80591935
19912,0.6555984
19916,0.59547096
19925,0.59813404
19932,0.54983515
19934,0.7444951
19936,0.6049677
19938,0.25120696
19942,0.46686655
19944,0.5285794
19945,0.7534134
19947,0.55305636
19950,0.5601343
19953,0.7328972
19957,0.35473028
19959,0.78132105
19965,0.576172
19966,0.84271955
19970,0.8055633
19972,0.52165204
19976,0.76629424
19978,0.42811793
19980,0.8101399
19984,0.64735967
19985,0.76713336
19990,0.7011208
19991,0.725317
19995,0.53516585
19996,0.71957564
